"Student Name","Student ID","Grade","Mark (out of 40)","Q1","Q2","Q3","Q4","Q5","Q6","Q7","Q8","Q9","Q10","Q11","Q12","Q13","Q14","Q15","Q16","Q17","Q18","Q19","Q20","Q21","Q22","Q23","Q24","Q25","Q26","Q27","Q28","Q29","Q30","Q31","Q32","Q33","Q34","Q35","Q36","Q37","Q38","Q39","Q40"
"Key and average","","22.91%","9.2","B","A","B","C","A","B","B","D","A","C","C","D","B","A","C","C","B","B","A","D","B","A","B","B","E","B","C","A","C","B","C","B","A","A","C","C","A","B","C","D"
"Weight","","","40","1","1","1","1","1","1","1","1","1","1","1","1","1","1","1","1","1","1","1","1","1","1","1","1","1","1","1","1","1","1","1","1","1","1","1","1","1","1","1","1"
"Common Answer","","","","B","A","B","C","B","A","C","D","D","C","A","B","A","B","A","D","A","D","D","D","D","B","D","C","D","D","A","B","D","B","B","A","B","C","A","A","C","B","A","E"
"Correct Students (out of 375)","","","","117","300","118","220","71","103","43","127","134","199","63","143","40","43","17","37","98","23","26","114","46","122","20","43","0","124","11","21","94","108","53","117","99","63","108","91","52","108","55","65"
"","0010000","15%","6","(C)","A","(A)","(E)","(C)","(A)","(C)","(C)","(D)","(A)","(B)","(A)","(A)","A","(A)","(D)","(C)","(A)","(D)","D","(D)","(B)","(D)","(C)","(B)","B","(A)","(D)","(A)","(D)","(B)","(D)","A","(D)","(A)","(D)","A","(D)","(A)","(C)"
"","0020000","17.5%","7","B","A","B","(B)","(B)","(A)","(D)","(C)","(B)","C","(A)","(B)","(C)","(B)","(A)","(B)","(A)","(D)","(B)","(A)","(D)","A","(C)","(A)","(C)","(D)","(B)","(D)","C","(A)","(A)","(C)","(D)","(B)","C","(B)","(C)","(D)","(B)","(A)"
"","0020000010","22.5%","9","B","A","B","C","(B)","(A)","(E)","(C)","(B)","C","(A)","(B)","(A)","(B)","(A)","(B)","(A)","(D)","(B)","(A)","(D)","(B)","B","B","(C)","(D)","(B)","(D)","C","(A)","(B)","(C)","(D)","(B)","C","(B)","(B)","(C)","(B)","(A)"
"","0020000011","30%","12","B","A","B","C","(C)","(A)","B","(B)","(D)","(A)","(A)","D","(A)","(B)","(A)","C","(A)","(D)","(B)","(A)","(D)","A","(C)","B","(C)","(D)","(B)","(D)","(D)","(A)","(A)","(A)","A","(B)","C","(B)","A","(C)","(B)","(C)"
"","0080000018","20%","8","(C)","(D)","(A)","C","A","(A)","(C)","(E)","(D)","C","(A)","D","(C)","(B)","(A)","(B)","(A)","(A)","(D)","D","(D)","(B)","(D)","(C)","(D)","B","(A)","(B)","(D)","B","(B)","(A)","(D)","(C)","(D)","(A)","(C)","(C)","C","(C)"
"","0080000019","20%","8","(D)","(C)","(C)","(A)","(B)","B","(E)","(C)","(D)","C","(A)","(B)","(C)","(B)","(A)","(D)","(A)","(D)","(D)","(B)","(D)","(B)","(D)","(C)","(D)","(D)","(D)","(B)","(A)","B","(A)","B","(D)","A","C","C","(D)","(C)","(D)","D"
"","0080000020","17.5%","7","(C)","A","(A)","C","(C)","(A)","(C)","(C)","(B)","(E)","(E)","D","(A)","(B)","(A)","(D)","(A)","(D)","(D)","D","(D)","(B)","(D)","(C)","(B)","(A)","(A)","(B)","C","B","(B)","(C)","(D)","(C)","C","(A)","(C)","(D)","(B)","(C)"
"","0080000021","17.5%","7","(A)","A","B","C","(C)","B","(C)","(B)","(D)","C","(A)","(B)","(C)","(B)","(A)","(B)","(D)","(A)","(D)","D","(D)","(B)","(D)","(C)","(D)","(D)","(A)","(B)","(D)","B","(B)","(C)","(D)","(C)","(A)","(B)","(C)","(A)","(A)","(A)"
"","0080000022","17.5%","7","(A)","A","(C)","(E)","(D)","(E)","(A)","D","(B)","(A)","(E)","(C)","(C)","(B)","(A)","(D)","(A)","(D)","(D)","(A)","(D)","A","(D)","(C)","(D)","B","(A)","(B)","(D)","(C)","(B)","(C)","(D)","A","(A)","C","(C)","B","(D)","(E)"
"","0080000023","17.5%","7","(A)","A","(A)","(D)","(C)","(A)","(A)","(C)","A","C","(E)","D","(A)","(B)","(A)","(D)","(A)","(D)","(D)","D","(D)","(B)","(D)","(C)","(D)","(A)","(A)","(B)","(A)","(A)","(B)","(C)","(D)","(C)","C","C","(C)","(A)","(E)","(E)"
"","0080000024","17.5%","7","(A)","A","(C)","C","(B)","(A)","(C)","(B)","A","C","(B)","D","(A)","(B)","C","(A)","(A)","(A)","(D)","(B)","(D)","(C)","(D)","(C)","(B)","(D)","(B)","(B)","(A)","(C)","(B)","(A)","(B)","(D)","(A)","(A)","(C)","B","(A)","(A)"
"","0140000009","25%","10","B","(B)","(C)","C","(D)","B","(A)","D","A","C","(A)","D","B","A","(A)","(A)","B","(C)","(B)","(B)","(BD)","(B)","(C)","(A)","(C)","( )","( )","( )","( )","( )","( )","( )","( )","( )","( )","( )","( )","( )","( )","( )"
"","0140000010","22.5%","9","B","(B)","(C)","C","(D)","(AB)","(A)","(B)","A","C","(A)","D","B","A","C","(A)","B","(D)","(B)","(A)","(BD)","(B)","(C)","(A)","(C)","( )","( )","( )","( )","( )","( )","( )","( )","( )","( )","( )","( )","( )","( )","( )"
"","0140000011","17.5%","7","B","(B)","(C)","(D)","(D)","(AB)","(C)","(A)","A","C","(A)","D","B","A","(A)","(A)","B","(A)","(B)","(B)","(AD)","(B)","(C)","(A)","(C)","( )","( )","( )","( )","( )","( )","( )","( )","( )","( )","( )","( )","( )","( )","( )"
"","0140000012","20%","8","B","(B)","(A)","(D)","(D)","(AB)","(A)","(B)","(B)","C","(A)","D","B","A","C","(A)","B","(C)","(B)","(A)","B","(B)","(D)","(A)","(C)","( )","( )","( )","( )","( )","( )","( )","( )","( )","( )","( )","( )","( )","( )","( )"
"","0140000014","20%","8","B","(B)","(A)","(D)","(B)","B","(A)","(B)","(B)","C","(A)","D","B","(C)","(A)","C","(A)","B","(B)","(A)","B","(B)","(D)","(A)","(C)","( )","( )","( )","( )","( )","( )","( )","( )","( )","( )","( )","( )","( )","( )","( )"
"","0140000042","10%","4","(C)","(B)","(A)","(A)","(B)","(D)","(D)","(A)","(C)","C","(A)","(B)","(D)","(C)","(B)","(B)","B","(D)","( )","(B)","(C)","A","B","(D)","(D)","( )","( )","( )","( )","( )","( )","( )","( )","( )","( )","( )","( )","( )","( )","( )"
"","0190000079","20%","8","(C)","(D)","(D)","(B)","(B)","(A)","(A)","D","A","C","(B)","D","(A)","(B)","(A)","(D)","B","(A)","(D)","D","(D)","(B)","(D)","(C)","(D)","B","(A)","(B)","(A)","B","(B)","(A)","(B)","(C)","(D)","(D)","(D)","(C)","(B)","(C)"
"","0190000080","20%","8","B","A","B","(A)","(C)","(A)","(A)","D","(D)","(E)","C","(B)","(D)","(B)","(A)","( )","(C)","(D)","(D)","(E)","(D)","(B)","(D)","(C)","(D)","B","(A)","(C)","(A)","(A)","(A)","B","(B)","A","(D)","(D)","(B)","(D)","(A)","(E)"
"","0190000081","40%","16","(D)","A","B","(B)","A","(E)","(A)","D","A","(E)","C","(B)","(C)","(B)","(D)","C","(A)","B","(C)","(C)","B","(B)","(A)","(D)","(C)","B","C","A","C","B","(A)","(D)","(B)","(C)","(B)","(D)","A","(C)","(B)","D"
"","0190000083","27.5%","11","(A)","A","(A)","(D)","(B)","B","(D)","D","(D)","(B)","C","D","(E)","A","(A)","(D)","(C)","(A)","(D)","(A)","(D)","(B)","(D)","(A)","(C)","B","(A)","(C)","(D)","(D)","(A)","B","A","(C)","(A)","(A)","A","(E)","C","(C)"
"","0190000084","15%","6","(A)","A","(D)","(A)","(B)","(A)","(C)","(B)","(B)","(E)","(A)","D","(C)","(B)","(A)","(D)","B","(A)","(D)","(E)","(D)","(B)","(D)","(C)","(D)","B","(B)","A","(A)","(C)","(B)","(C)","(D)","(C)","(A)","(D)","(E)","(A)","(B)","D"
"","0190000086","40%","16","B","A","B","(A)","(C)","B","(A)","D","(B)","(A)","(A)","(A)","B","(B)","(A)","C","B","B","(C)","(E)","(D)","(B)","(D)","B","(A)","B","(D)","(C)","(D)","B","(A)","B","A","(C)","(D)","(A)","(BD)","B","C","(C)"
"","0190000087","27.5%","11","(D)","(C)","(C)","(A)","(B)","B","(A)","(E)","A","C","(E)","(A)","(C)","A","(D)","(B)","(E)","(A)","(D)","(C)","(D)","(D)","(A)","B","(C)","B","C","A","(D)","(C)","(D)","B","(C)","(B)","(A)","C","(D)","B","(E)","(B)"
"","0190000088","22.5%","9","(A)","A","(A)","(D)","(B)","(A)","(A)","(B)","(B)","C","(D)","D","(E)","(B)","(A)","(B)","(C)","(A)","(D)","(B)","(D)","(B)","(D)","(A)","(D)","(A)","(A)","(B)","(A)","(C)","(B)","(A)","(B)","A","C","(A)","A","B","C","D"
"","0190000089","37.5%","15","(E)","A","(D)","(A)","(B)","(E)","B","(E)","(D)","C","(E)","(C)","B","(D)","C","(B)","(A)","(A)","(D)","(E)","(D)","A","(D)","(A)","(D)","B","(A)","A","C","B","(B)","(C)","(B)","(B)","C","C","(C)","B","C","D"
"","0190000090","30%","12","(D)","A","B","C","(D)","(D)","( )","(E)","(D)","(D)","C","D","(E)","A","(A)","(D)","(DE)","(A)","(D)","(B)","(D)","(B)","(D)","(C)","(D)","B","(A)","A","C","(A)","(A)","B","(C)","A","(D)","C","(E)","(E)","(A)","(C)"
"","0190000091","27.5%","11","(D)","A","(D)","C","(D)","(D)","(D)","D","(D)","(D)","(D)","D","(D)","(B)","( )","(B)","(A)","B","(D)","(C)","(D)","(B)","(D)","(A)","(C)","B","(B)","(B)","(A)","(A)","C","(A)","A","A","C","(A)","(B)","(C)","C","(C)"
"","0190000092","32.5%","13","(A)","A","(D)","C","(C)","(A)","(C)","D","A","C","C","D","(A)","(B)","(A)","(D)","B","(A)","(D)","D","(D)","(B)","(D)","(C)","(D)","(D)","(B)","(B)","(D)","B","(B)","(A)","(B)","A","C","C","(D)","(E)","(B)","(C)"
"","0190000093","35%","14","B","A","(A)","(A)","(C)","(A)","(A)","D","A","(D)","C","D","(C)","A","C","(B)","(C)","B","(D)","(E)","B","(C)","(D)","(C)","(D)","(D)","(A)","(D)","C","B","(A)","B","A","(D)","(B)","(D)","(E)","(C)","(B)","(B)"
"","0190000094","32.5%","13","B","A","(A)","(A)","(B)","B","B","(E)","(D)","C","(A)","D","(E)","(B)","(A)","(B)","(C)","(A)","(D)","D","B","(B)","(D)","(C)","(B)","(A)","(A)","(C)","(B)","B","(A)","B","A","(C)","C","(A)","A","(E)","(B)","(E)"
"","0190000096","30%","12","(A)","A","(C)","(A)","(B)","B","(E)","D","A","C","(B)","D","(A)","(B)","(A)","(D)","(E)","B","(D)","D","(D)","(C)","(D)","(A)","(D)","B","(A)","(B)","(A)","B","(A)","B","(C)","A","(A)","(A)","(E)","(D)","(A)","(A)"
"","0190000097","20%","8","(C)","A","B","(B)","A","B","(A)","D","(D)","C","(B)","(B)","(A)","(B)","(B)","(D)","(E)","(C)","(D)","(B)","(D)","(B)","(A)","(D)","(C)","B","(A)","(C)","(B)","(D)","(D)","B","(C)","(D)","(B)","(A)","(D)","(C)","(B)","(E)"
"","0190000099","15%","6","(E)","(C)","(E)","(B)","(B)","B","(C)","D","(D)","(A)","(A)","D","(A)","(B)","(A)","(B)","(E)","(D)","(D)","(E)","(D)","(B)","(D)","(C)","(D)","B","(A)","(C)","(A)","B","(B)","(A)","(D)","(D)","(A)","(B)","A","(D)","(D)","(C)"
"","0190000100","20%","8","(A)","(C)","B","C","(B)","(A)","(C)","D","(D)","C","(B)","(B)","(C)","A","(D)","C","B","(D)","(D)","(E)","(D)","(B)","(D)","(C)","(D)","(D)","(A)","(D)","C","(AB)","(B)","(C)","(D)","(C)","(A)","(B)","(C)","(A)","(D)","(A)"
"","0190000101","40%","16","B","A","(A)","C","(C)","B","B","D","A","(A)","(B)","D","(D)","A","(A)","C","(D)","(A)","(D)","D","(C)","(D)","(D)","(A)","(B)","B","(A)","(B)","C","B","(B)","(A)","(B)","(D)","(D)","(D)","(C)","B","C","( )"
"","0190000102","27.5%","11","(A)","A","B","(A)","(B)","B","(C)","D","(D)","(A)","C","D","(A)","(B)","(B)","(B)","B","(A)","(B)","(B)","(D)","(C)","(D)","(A)","(D)","B","(A)","(B)","(D)","(A)","(B)","B","(B)","(B)","(A)","C","(B)","B","(B)","( )"
"","0190000104","17.5%","7","(E)","A","(D)","C","(D)","B","(C)","( )","(D)","C","(E)","(B)","(A)","(B)","(A)","(D)","B","(D)","(D)","(B)","(D)","(C)","(D)","(C)","(D)","(D)","(A)","(B)","C","B","(B)","(C)","(B)","(B)","(A)","(B)","(B)","(E)","(D)","(E)"
"","0190000111","27.5%","11","(A)","(C)","B","(A)","(E)","(D)","(A)","(E)","A","C","(A)","D","(D)","A","(A)","C","(E)","(A)","(D)","(B)","(D)","(B)","(D)","(C)","(D)","B","(A)","(D)","C","(D)","(B)","B","(C)","(B)","(D)","(D)","(D)","B","C","(A)"
"","0220000301","17.5%","7","(A)","(D)","(C)","C","(B)","(D)","(D)","(B)","A","(D)","(B)","(C)","(A)","(B)","(A)","(D)","(C)","(A)","(D)","(B)","(D)","(C)","(D)","(A)","(D)","(C)","(D)","A","C","(C)","(A)","B","(C)","( )","C","(D)","(E)","B","(A)","(E)"
"","0220000302","17.5%","7","(D)","A","(A)","C","(B)","B","(A)","(C)","A","C","(B)","(B)","(A)","(B)","(A)","(B)","(A)","(D)","(D)","D","(D)","(B)","(D)","B","(D)","(D)","(A)","(B)","(A)","(A)","(B)","(C)","(B)","(C)","(A)","(B)","(B)","(C)","(A)","(A)"
"","0220000303","25%","10","(D)","(C)","(D)","C","A","(A)","(A)","D","A","C","(B)","(E)","(A)","(B)","C","(D)","(A)","(A)","(D)","(C)","(D)","(B)","(D)","(C)","(D)","(D)","(B)","(B)","(A)","B","(B)","B","A","(C)","(D)","(A)","(C)","(C)","C","(C)"
"","0220000304","27.5%","11","(D)","A","B","C","(B)","(E)","(A)","D","A","C","(A)","(B)","(D)","(C)","(D)","C","(A)","(A)","(D)","(C)","(D)","(B)","(D)","(C)","(B)","(D)","(A)","(C)","C","B","(A)","(C)","A","(D)","(A)","C","(B)","(C)","(A)","(E)"
"","0220000305","12.5%","5","(A)","A","B","(A)","(C)","(A)","(E)","(B)","(D)","(B)","(A)","(A)","(C)","(B)","(A)","(D)","(D)","(A)","(D)","D","(D)","(C)","(D)","(C)","(B)","B","(B)","(D)","(A)","(D)","(A)","(A)","(B)","(B)","(A)","C","(B)","(A)","(A)","(A)"
"","0220000306","22.5%","9","B","A","(C)","(A)","(B)","(A)","(A)","(C)","A","C","(B)","(A)","(C)","(B)","(A)","(A)","(A)","(D)","(D)","(A)","(D)","A","(D)","(C)","(D)","B","(D)","(B)","(A)","B","(A)","(C)","(D)","(B)","C","(A)","(B)","(A)","C","(E)"
"","0220000307","27.5%","11","(C)","(C)","B","C","(B)","(A)","(C)","D","(D)","C","(A)","(B)","(A)","(B)","(B)","(B)","B","(A)","(D)","D","(D)","A","(D)","(A)","(D)","B","(A)","(B)","C","B","(A)","(C)","(D)","(D)","C","(D)","(B)","(D)","(B)","(E)"
"","0220000308","20%","8","(A)","A","(D)","(B)","(C)","(A)","(C)","(C)","(B)","C","(B)","D","(E)","(B)","(A)","(D)","(A)","(A)","(D)","(C)","(D)","(C)","(D)","(A)","(D)","B","(A)","A","(A)","B","(B)","(A)","A","(C)","C","(A)","(B)","(C)","(D)","(C)"
"","0220000309","17.5%","7","B","(C)","(C)","C","(B)","(A)","(A)","D","(D)","(B)","(A)","(C)","(A)","(C)","C","(B)","(C)","(A)","A","(A)","(D)","(C)","(A)","(A)","(D)","(A)","(A)","(D)","C","(A)","(B)","B","(B)","(D)","(A)","(A)","(D)","(C)","(A)","(A)"
"","0220000310","35%","14","(C)","(C)","(D)","C","A","B","(D)","(B)","(D)","C","C","D","B","A","(A)","C","(D)","(A)","(D)","(C)","(D)","A","(D)","(D)","(C)","B","(A)","(D)","(D)","(A)","(A)","B","(D)","(C)","(A)","C","(E)","B","(A)","(C)"
"","0220000311","15%","6","(E)","A","(A)","C","(C)","(E)","(E)","(B)","(D)","(E)","(E)","D","(E)","(B)","(A)","(A)","(A)","(A)","(D)","(A)","(D)","(B)","(D)","(C)","(B)","B","(A)","(B)","(A)","(C)","(B)","(C)","(D)","(C)","(A)","C","(C)","(C)","C","(C)"
"","0220000312","17.5%","7","(E)","A","(D)","(E)","(B)","(A)","(C)","(E)","(E)","(A)","(A)","(B)","(C)","(B)","(A)","(B)","B","(D)","(D)","(C)","(D)","(B)","(D)","B","(D)","B","(B)","(B)","(D)","(C)","(B)","(A)","A","(C)","(B)","C","(D)","B","(A)","(C)"
"","0220000313","22.5%","9","(D)","A","(A)","C","(C)","(A)","(A)","(B)","A","C","C","(B)","(A)","(B)","(A)","(D)","B","(D)","(D)","(A)","(D)","(D)","(D)","(C)","(D)","(D)","(A)","(B)","(A)","(A)","(B)","(C)","(C)","(B)","C","C","(B)","(D)","(A)","D"
"","0220000314","20%","8","(C)","A","(D)","(B)","(C)","B","B","(A)","(D)","C","(A)","(B)","(C)","(B)","(A)","(D)","(A)","(D)","(D)","D","B","(B)","(D)","(A)","(D)","(A)","(A)","(B)","C","(C)","(A)","(C)","(B)","(C)","(A)","(A)","(C)","B","(D)","(C)"
"","0220000315","20%","8","(C)","A","(C)","C","A","(A)","(A)","(C)","A","C","(B)","(A)","(C)","(C)","(A)","(D)","(D)","(A)","A","(C)","(D)","(B)","(D)","(C)","(D)","B","(B)","(B)","(A)","(C)","C","(C)","(C)","(D)","(D)","(A)","(E)","(E)","(B)","(A)"
"","0220000316","25%","10","(D)","(D)","B","C","(C)","(A)","(C)","(B)","A","C","C","(B)","(A)","A","(A)","C","(A)","(A)","(D)","(B)","(C)","(C)","(D)","(C)","(D)","(D)","(A)","(B)","(A)","B","(A)","(C)","(D)","(D)","C","C","(B)","(C)","(B)","(E)"
"","0220000317","25%","10","(C)","A","(A)","C","(C)","(A)","(C)","D","(D)","C","(A)","(B)","(C)","(B)","(A)","(D)","(D)","(D)","A","D","(D)","(B)","(D)","(C)","(B)","B","(B)","(C)","(A)","B","(B)","(A)","(D)","(C)","(B)","(B)","A","(C)","(D)","D"
"","0240000001","15%","6","(C)","(C)","B","(B)","(B)","(A)","(D)","(B)","(D)","(A)","(A)","(B)","(A)","(B)","(A)","(A)","(A)","(D)","(D)","D","B","(B)","(D)","(C)","(D)","(D)","(A)","(C)","(A)","B","(B)","(A)","(D)","A","C","(A)","(C)","(E)","(A)","(E)"
"","0240000002","7.5%","3","(E)","A","(A)","(B)","(C)","(A)","(E)","(B)","(D)","(A)","(B)","(B)","(E)","(B)","(A)","(D)","(A)","(A)","(D)","(A)","(D)","(B)","(D)","(C)","(D)","(D)","(D)","(B)","(A)","(A)","(B)","B","A","(D)","(A)","(D)","(E)","(D)","(E)","(B)"
"","0240000003","17.5%","7","(E)","A","(A)","C","(B)","B","(C)","D","(D)","C","(E)","D","(E)","(B)","(A)","(D)","(D)","(D)","(D)","(A)","(D)","(B)","(D)","(C)","(D)","(D)","(A)","(B)","(A)","(D)","(B)","(C)","(D)","(C)","(A)","C","(C)","(C)","(A)","(E)"
"","0240000004","22.5%","9","(A)","A","(A)","(A)","(B)","(A)","(C)","D","(D)","C","(B)","D","(C)","(B)","(A)","(D)","(A)","(D)","(D)","D","(D)","A","(D)","(C)","(D)","B","(A)","(B)","(A)","B","(A)","(C)","(B)","(C)","(A)","(D)","A","(C)","(A)","(A)"
"","0240000005","15%","6","(E)","A","(D)","(A)","(B)","(A)","(C)","(B)","(D)","(A)","(E)","(C)","(D)","(B)","(A)","(D)","B","(D)","(D)","D","(D)","(B)","(D)","B","(C)","(A)","(B)","(B)","C","(C)","(B)","(C)","(D)","(C)","(A)","C","(B)","(D)","(E)","(B)"
"","0240000006","5%","2","(E)","(C)","(D)","C","(C)","(A)","(C)","(E)","(D)","C","(E)","(A)","(A)","(B)","(A)","(B)","(A)","(D)","(D)","(A)","(D)","(B)","(D)","(C)","(B)","(D)","(A)","(B)","(D)","(D)","(B)","(A)","(B)","(C)","(A)","(D)","(B)","(C)","(A)","(C)"
"","0240000007","22.5%","9","(D)","A","B","C","(B)","(A)","(A)","(B)","(D)","(A)","(A)","D","(C)","A","(A)","(D)","(D)","(D)","(D)","(B)","(D)","(B)","(D)","(C)","(D)","(D)","(A)","(C)","(A)","B","(A)","(A)","(B)","(B)","C","C","(B)","B","(A)","(E)"
"","0240000008","15%","6","(D)","A","(A)","(A)","(B)","(A)","(C)","(B)","(D)","C","(A)","(B)","(C)","(B)","(D)","(B)","(A)","(D)","A","(C)","(D)","(B)","(D)","(C)","(D)","B","(A)","(B)","C","B","(B)","(A)","(D)","(C)","(A)","(D)","(B)","(E)","(A)","(E)"
"","0240000009","30%","12","(A)","A","B","C","A","(A)","B","D","A","(A)","(AC)","D","(A)","(B)","C","(D)","(A)","(A)","(D)","(C)","(D)","A","(D)","(A)","(D)","(D)","(A)","(B)","C","(A)","(B)","(A)","A","(C)","(D)","(A)","(B)","(E)","(E)","(E)"
"","0240000010","35%","14","(E)","A","(C)","C","A","(C)","(A)","(B)","A","(A)","C","D","(C)","(B)","(A)","(B)","(D)","(A)","(D)","D","B","A","(D)","(A)","(C)","B","(A)","(B)","C","B","C","(C)","(D)","(C)","C","(D)","(B)","(D)","(E)","(C)"
"","0250000","15%","6","(E)","A","(C)","(B)","(D)","(A)","(C)","(B)","(C)","(A)","(A)","(B)","(A)","(C)","(A)","(B)","(A)","(D)","(D)","(A)","B","A","(D)","(A)","(D)","(C)","(A)","(B)","(A)","(C)","C","(A)","(D)","(B)","(A)","C","(D)","(E)","C","(A)"
"","0250000501","27.5%","11","(C)","A","(D)","C","A","B","(C)","(C)","(D)","(A)","(B)","D","(A)","(B)","(A)","(D)","(A)","(D)","(D)","(A)","(D)","(B)","(D)","(C)","(D)","(D)","(A)","(B)","(A)","B","C","B","A","(C)","C","(A)","A","(A)","(A)","(A)"
"","0250000502","27.5%","11","(C)","A","B","C","(B)","(A)","(C)","(C)","(B)","C","(B)","D","(C)","A","(B)","(D)","(A)","(D)","(D)","(C)","(D)","A","(D)","(C)","(B)","(D)","(A)","(B)","(D)","(D)","(B)","(A)","(B)","(C)","(A)","C","A","B","(A)","D"
"","0250000503","15%","6","(C)","A","B","C","(B)","(A)","(C)","(C)","(B)","C","(A)","(B)","(A)","(B)","(A)","(D)","(A)","(D)","(D)","(C)","(D)","A","(D)","(C)","(B)","(D)","(A)","(B)","(D)","(D)","(B)","(A)","(D)","(C)","(A)","(B)","(C)","B","(A)","(E)"
"","0250000505","30%","12","(E)","A","(D)","C","(B)","(A)","(A)","D","(B)","C","(B)","D","(C)","(B)","(A)","(B)","(A)","(D)","(D)","(A)","(D)","(B)","(D)","(C)","(C)","B","C","(B)","(D)","(C)","C","B","A","(C)","C","(A)","(E)","(D)","C","(B)"
"","0250000506","17.5%","7","(E)","(C)","(E)","(A)","(C)","(A)","(E)","(C)","A","(E)","C","(A)","(A)","(B)","(D)","(D)","(A)","(A)","(B)","D","(D)","(B)","(D)","(C)","(B)","B","(A)","(B)","(D)","(A)","(A)","(A)","A","(C)","C","(A)","A","(A)","(D)","(B)"
"","0250000507","17.5%","7","(C)","A","B","C","A","B","(C)","(C)","(D)","(A)","(B)","D","(A)","(B)","(A)","(D)","(A)","(D)","(D)","(A)","(D)","(B)","(D)","(C)","(D)","(D)","(A)","(B)","( )","(A)","(B)","(C)","A","(C)","(A)","(A)","(B)","(D)","(A)","(E)"
"","0250000508","17.5%","7","(D)","(D)","(C)","(A)","(C)","(A)","(C)","D","(B)","C","(B)","(C)","B","(B)","(A)","(B)","(A)","(D)","(D)","D","B","A","(D)","(C)","(D)","(D)","(A)","(B)","(D)","(C)","(B)","(D)","(B)","(C)","(A)","(A)","(C)","B","(D)","(E)"
"","0250000509","22.5%","9","(E)","A","(A)","(A)","(C)","B","B","(E)","(B)","C","(A)","(B)","(A)","(B)","(A)","(B)","(A)","(A)","(D)","(C)","(D)","(B)","(D)","(C)","(D)","B","(A)","(B)","(D)","B","(B)","(A)","(D)","(C)","C","C","(D)","(D)","C","(A)"
"","0250000510","25%","10","(C)","A","(C)","(A)","A","B","(C)","(B)","A","C","(A)","(B)","(A)","(B)","(A)","(B)","(A)","(A)","(D)","(C)","B","(B)","(D)","(C)","(D)","B","(A)","(B)","(A)","(C)","C","(A)","(C)","A","(A)","C","(B)","(D)","(D)","(A)"
"","0260000041","20%","8","(D)","A","(D)","C","(B)","(A)","(E)","(E)","(B)","C","(E)","(C)","(E)","(B)","(A)","(D)","(A)","(D)","(D)","(C)","(C)","A","(A)","(C)","(D)","(D)","(D)","(B)","(A)","B","(B)","(C)","(B)","A","C","C","(B)","(D)","(D)","(E)"
"","0260000042","40%","16","(E)","A","B","C","A","B","B","D","A","(B)","(B)","D","(E)","(B)","(A)","(D)","(C)","(A)","(B)","D","(D)","(B)","(D)","B","(B)","(A)","(B)","(C)","C","B","(A)","B","A","(D)","C","(A)","(D)","(A)","(E)","(A)"
"","0260000043","22.5%","9","(C)","A","(A)","(B)","(B)","(E)","B","D","(D)","C","(B)","D","(A)","(B)","(A)","C","(A)","(D)","(D)","(B)","(D)","(B)","(D)","(C)","(D)","B","(A)","(B)","(A)","B","(B)","(A)","(D)","(B)","C","(A)","(E)","(D)","(B)","(E)"
"","0260000044","27.5%","11","(C)","A","(D)","C","(D)","B","(A)","(C)","(D)","C","(E)","D","(A)","(B)","(A)","C","(A)","(A)","(D)","(B)","(D)","(B)","(D)","B","(D)","B","(A)","(D)","(A)","(C)","(A)","(C)","A","(B)","(A)","(A)","(C)","B","(D)","D"
"","0260000045","20%","8","(D)","A","(D)","(D)","(E)","B","(C)","D","(E)","(A)","(B)","(C)","(E)","A","(A)","(B)","(D)","(A)","(D)","(C)","(D)","(B)","(D)","(C)","(C)","(D)","(B)","(C)","C","(A)","C","(A)","(D)","(B)","C","(B)","(C)","(C)","(B)","D"
"","0260000046","22.5%","9","B","A","B","C","(B)","B","(A)","(CD)","(D)","(A)","(A)","D","(A)","(B)","(A)","(B)","(D)","(D)","(D)","(B)","(D)","A","(D)","(C)","(B)","B","(B)","(C)","(D)","(C)","(A)","(A)","(B)","(C)","C","(B)","(B)","(D)","(A)","(E)"
"","0260000047","25%","10","(C)","A","(C)","(A)","(B)","B","(C)","(E)","(D)","(B)","(A)","(C)","(A)","(B)","(A)","C","(D)","(A)","(D)","(C)","B","(C)","(D)","B","(D)","B","(A)","(B)","C","(A)","(B)","B","A","A","(D)","(A)","(C)","(A)","(E)","(B)"
"","0260000048","35%","14","(E)","A","(D)","C","A","(A)","(C)","(A)","(D)","(A)","(B)","D","(A)","(B)","(A)","(D)","(A)","B","(D)","D","(D)","A","(D)","(C)","(B)","B","(A)","(B)","C","B","(A)","(A)","(B)","(C)","C","C","A","B","(B)","(C)"
"","0260000049","22.5%","9","(D)","A","(A)","C","(C)","(E)","(C)","(E)","A","(A)","(B)","D","(A)","(B)","(A)","C","(A)","(D)","(D)","( )","(D)","(C)","(C)","(C)","(B)","(D)","(A)","(B)","C","B","(B)","(A)","(B)","(C)","C","(D)","A","(C)","(A)","(C)"
"","0260000050","30%","12","(E)","A","B","C","(E)","B","(E)","(B)","A","(E)","C","(B)","(E)","(C)","(A)","(D)","(A)","B","(D)","D","(C)","(B)","(D)","(C)","(D)","(D)","(A)","(B)","C","B","(A)","(C)","(D)","A","(A)","(A)","(C)","B","(E)","(E)"
"","0260000051","5%","2","(ACD)","(BD)","(AB)","(B)","(AB)","( )","( )","(A)","(ABCDE)","(ABC)","(ABC)","(A)","( )","(B)","(B)","C","(A)","( )","A","( )","(AB)","(B)","(A)","( )","( )","( )","( )","(ABCDE)","(A)","( )","(B)","(ABCDE)","(ABC)","(ABCD)","(ABC)","(ABCD)","(ABCD)","(A)","( )","(A)"
"","0310000121","17.5%","7","B","(C)","(D)","C","(D)","(E)","(C)","(E)","A","(A)","(D)","(B)","(A)","(B)","(A)","(D)","B","(D)","(D)","(E)","(D)","(B)","(D)","(C)","(D)","B","(A)","(B)","(A)","(A)","(B)","(C)","(C)","A","(B)","C","(B)","(C)","(D)","(E)"
"","0310000122","22.5%","9","B","A","(A)","C","(D)","(E)","(E)","D","(D)","(D)","(A)","D","(A)","(B)","(A)","(D)","B","(A)","(D)","(E)","(D)","A","(D)","(C)","(D)","(D)","(A)","(B)","(A)","(A)","(B)","(C)","(B)","A","(B)","( )","(B)","(C)","C","(A)"
"","0310000123","12.5%","5","B","A","(D)","C","(C)","(E)","(C)","(E)","(D)","(E)","(A)","(B)","(E)","(B)","(A)","(D)","B","(D)","(D)","(E)","(D)","(B)","(D)","(C)","(B)","(D)","(A)","(B)","C","(A)","(B)","(A)","(B)","(C)","(A)","(B)","(C)","(D)","(D)","(E)"
"","0310000124","17.5%","7","B","A","(D)","C","(C)","(E)","(C)","D","(D)","(E)","(A)","(B)","(A)","(B)","(A)","(D)","B","(D)","(D)","(E)","(D)","(B)","(E)","(C)","(D)","(D)","(A)","(B)","(A)","(D)","(A)","(C)","(B)","A","(A)","(B)","(D)","(C)","C","(E)"
"","0310000125","17.5%","7","B","A","(D)","C","(C)","(E)","(C)","(E)","(D)","(A)","(A)","(B)","(E)","(B)","(A)","(D)","(A)","(D)","(D)","(A)","(D)","(B)","(D)","B","(D)","(D)","(A)","(B)","C","(A)","(A)","B","(B)","A","(D)","(D)","(C)","(C)","(A)","(E)"
"","0310000126","35%","14","(D)","A","(C)","C","(B)","(E)","B","(E)","A","C","(D)","D","(A)","(B)","(A)","(A)","B","(A)","(D)","D","(D)","(B)","(D)","B","(B)","B","(A)","(B)","(A)","(D)","(A)","( )","(B)","A","C","C","(B)","(C)","(B)","D"
"","0310000127","35%","14","(D)","A","(C)","C","(D)","(A)","B","D","A","(A)","(D)","D","(A)","(D)","(A)","(A)","B","(A)","(D)","D","(D)","(B)","(D)","B","(B)","B","(A)","(B)","(A)","(A)","(A)","B","(B)","A","C","C","(B)","(E)","(D)","(C)"
"","0310000128","25%","10","(E)","A","(D)","C","(B)","B","B","(B)","A","(A)","(E)","(C)","(A)","A","(A)","(B)","(D)","(A)","(D)","D","(D)","(B)","(D)","(A)","(C)","(C)","(A)","A","(A)","(C)","(A)","B","(D)","(D)","(A)","C","(D)","(D)","(A)","(C)"
"","0310000129","30%","12","(D)","A","(C)","C","A","(D)","(A)","(B)","A","(A)","(A)","D","(C)","(B)","(A)","(D)","B","(A)","(D)","D","(D)","A","(D)","(C)","(D)","(D)","(A)","(B)","(A)","(A)","(A)","B","(B)","(C)","C","C","(B)","(C)","(B)","D"
"","0310000130","17.5%","7","(E)","A","(D)","(B)","(B)","(E)","(A)","(E)","A","(E)","(A)","(B)","(A)","(B)","(A)","(D)","B","(A)","(D)","D","(D)","(B)","(D)","(C)","(B)","B","(A)","(B)","(A)","(A)","(B)","(A)","(B)","A","C","(B)","(C)","(A)","(B)","(C)"
"","0310000131","22.5%","9","B","A","(C)","C","A","B","(C)","(E)","(D)","(A)","(A)","(A)","(C)","(B)","(A)","(A)","B","(D)","(D)","D","(D)","(C)","(D)","B","(D)","(D)","(A)","(B)","(B)","(D)","(B)","B","(B)","(B)","(A)","(B)","(C)","(D)","(A)","(E)"
"","0310000132","22.5%","9","(D)","A","(D)","(A)","A","(A)","(C)","(B)","(D)","(A)","(A)","D","(C)","(B)","(A)","(D)","B","(D)","(D)","(E)","(D)","A","(D)","(C)","(B)","B","(A)","(B)","(B)","(D)","C","B","(D)","(D)","(A)","(B)","(B)","B","(A)","(C)"
"","0310000133","32.5%","13","(C)","A","B","C","A","(C)","(A)","D","A","(E)","C","(B)","(A)","(C)","(A)","(D)","(E)","(A)","A","D","B","(C)","(A)","(C)","(D)","(D)","(A)","(B)","(A)","B","(A)","(C)","(D)","(B)","(A)","C","(B)","B","(A)","(B)"
"","0310000134","40%","16","B","A","(C)","C","(D)","(A)","(A)","D","A","(A)","C","(A)","B","(B)","(D)","(A)","B","(D)","A","(C)","B","(B)","B","(A)","(D)","(D)","(A)","(B)","(A)","(D)","C","B","A","(C)","C","(A)","A","(C)","(E)","(C)"
"","0310000135","20%","8","(C)","A","(D)","C","(B)","(A)","(C)","D","(B)","(A)","(E)","(B)","(A)","(B)","(A)","(D)","B","(A)","(D)","D","(D)","(B)","(D)","B","(D)","B","(A)","(B)","(A)","(D)","(B)","(A)","(B)","(C)","(B)","C","(D)","(E)","(A)","(A)"
"","0310000136","12.5%","5","(C)","A","B","(A)","(C)","(A)","(C)","D","(B)","(B)","(E)","(B)","(A)","(B)","(A)","(D)","B","(A)","(D)","(B)","(D)","A","(D)","(C)","(B)","(D)","(A)","(B)","(A)","(D)","(B)","(A)","(B)","(C)","(A)","(B)","(D)","(C)","(B)","(C)"
"","0310000137","20%","8","(C)","A","(A)","(A)","(B)","B","(C)","D","(D)","(A)","(A)","D","(A)","(B)","(A)","(D)","B","(A)","(D)","(E)","(D)","(B)","(D)","(A)","(D)","(D)","(A)","(B)","C","(A)","(A)","(C)","A","(B)","(A)","(A)","A","(C)","(E)","(B)"
"","0310000138","15%","6","(E)","A","(C)","(A)","(C)","(E)","(A)","D","(D)","(A)","(E)","D","(C)","(B)","(B)","(D)","(E)","(D)","(D)","(C)","(D)","A","(D)","(D)","(D)","(A)","(A)","(B)","(D)","(D)","(A)","(C)","(D)","(B)","(A)","C","(D)","(D)","(B)","D"
"","0450000001","17.5%","7","(D)","A","(D)","C","(C)","(A)","(A)","D","(C)","(A)","(B)","D","(D)","(B)","(A)","(D)","(E)","(A)","(D)","D","(D)","(C)","(D)","(C)","(B)","B","( )","(B)","(D)","(A)","(B)","(A)","A","(C)","(A)","(D)","(C)","(C)","(B)","(E)"
"","0450000002","30%","12","(A)","A","B","(D)","(C)","( )","(A)","D","A","(E)","(E)","D","(C)","(B)","(D)","(A)","(E)","(A)","A","(E)","(D)","(D)","(D)","B","(D)","(D)","C","(D)","(A)","(C)","(A)","B","A","(B)","(A)","(B)","A","(C)","(B)","D"
"","0450000003","40%","16","B","A","(C)","(D)","(B)","(A)","(A)","D","A","C","C","D","B","(C)","(A)","(B)","(C)","(A)","(B)","D","B","(C)","B","(A)","(D)","(D)","(B)","(B)","(A)","B","(A)","B","A","(C)","C","C","(C)","(D)","(A)","(C)"
"","0450000004","17.5%","7","(D)","(B)","(C)","(B)","(D)","(A)","(C)","(B)","A","(E)","C","(A)","(C)","(B)","(D)","(D)","(A)","(A)","(D)","(A)","(D)","(C)","(D)","(A)","(D)","(C)","(B)","A","(A)","B","(B)","(C)","A","(B)","C","(A)","(B)","B","(A)","(C)"
"","0450000005","25%","10","(C)","A","B","C","(D)","B","(C)","(B)","(D)","C","(A)","(B)","(A)","(B)","(A)","(D)","(E)","(A)","(D)","D","(D)","A","(D)","(C)","(D)","B","(B)","(B)","(A)","B","C","(C)","(D)","(C)","(D)","(B)","(C)","(D)","(A)","(B)"
"","0450000006","32.5%","13","(C)","A","(A)","C","A","(E)","(A)","(B)","A","(E)","C","(C)","(E)","(B)","(A)","C","(D)","(C)","(C)","(B)","B","(B)","B","(C)","(D)","(C)","(A)","A","C","(C)","(A)","(A)","A","A","C","(D)","(D)","(D)","(B)","(A)"
"","0450000007","22.5%","9","(D)","A","(D)","C","(C)","B","(C)","(E)","(D)","C","(B)","(A)","(A)","(B)","(D)","(D)","(C)","(A)","(D)","(C)","(D)","(D)","(D)","(C)","(D)","(D)","(A)","(D)","(A)","B","C","B","A","(C)","(D)","C","(B)","(A)","(B)","(C)"
"","0450000008","27.5%","11","B","A","(D)","C","A","(E)","(D)","D","(D)","C","(B)","(B)","(A)","(B)","(A)","(A)","(E)","(A)","(D)","(A)","(D)","(B)","(D)","(C)","(D)","(D)","(D)","A","(A)","B","(D)","(C)","A","(B)","(A)","(B)","(D)","B","C","(E)"
"","0450000009","32.5%","13","B","A","(D)","C","A","B","(A)","D","A","C","(A)","D","(E)","(B)","(D)","(D)","(D)","(A)","A","D","B","(B)","B","(A)","(C)","(A)","(B)","(B)","(D)","(A)","(B)","(C)","(B)","(C)","(A)","(A)","(D)","(A)","(D)","(A)"
"","0450000010","30%","12","(A)","A","(C)","(D)","(D)","(A)","(A)","D","(D)","(A)","C","(B)","(D)","(B)","(D)","(B)","(A)","(A)","(D)","D","(D)","(B)","(D)","(C)","(D)","B","(A)","(C)","C","(D)","(B)","(A)","A","(C)","C","(A)","A","B","C","D"
"","0450000011","25%","10","B","(E)","B","C","(B)","(A)","B","(B)","(D)","(A)","C","D","(C)","(C)","(A)","(B)","(D)","(D)","A","(A)","(D)","(B)","(D)","(A)","(D)","B","(B)","(C)","(D)","(A)","(B)","(C)","A","(C)","C","(A)","(C)","(D)","(D)","(B)"
"","0450000012","30%","12","B","A","(D)","C","(D)","B","(C)","D","A","(E)","C","D","(C)","(C)","(A)","(D)","(D)","(A)","A","D","(D)","(B)","(D)","(C)","(D)","(D)","(B)","(B)","(A)","(C)","(A)","B","(D)","(D)","(D)","C","(B)","(D)","(A)","(A)"
"","0450000013","32.5%","13","B","A","(D)","C","(D)","(E)","(C)","D","(D)","C","(A)","D","(A)","(B)","(A)","(B)","B","(D)","(D)","D","(D)","(D)","(D)","(C)","(D)","B","(B)","(C)","(A)","(A)","(B)","B","A","(C)","(D)","C","A","(A)","(B)","(E)"
"","0450000014","17.5%","7","(D)","A","(D)","(A)","A","(A)","(C)","(C)","(D)","(A)","C","D","(A)","(B)","(A)","(D)","B","(D)","(D)","(E)","(D)","(B)","(D)","(C)","(B)","(D)","(D)","(B)","(A)","(A)","(A)","(D)","(D)","(C)","C","C","(B)","(A)","(B)","(E)"
"","0570000058","27.5%","11","(C)","A","(D)","C","(C)","B","(C)","D","(D)","C","(A)","D","(C)","(B)","(A)","C","(A)","(D)","A","(E)","(D)","(B)","(D)","(C)","(D)","(D)","(A)","(B)","(D)","B","(A)","(A)","(B)","(C)","C","(A)","(C)","(C)","C","(C)"
"","0570000059","20%","8","(D)","A","(D)","(B)","(C)","(E)","(C)","D","(D)","(E)","(A)","(A)","(C)","(B)","(A)","(D)","B","(D)","(D)","(B)","B","(B)","(D)","B","(D)","(D)","(A)","(B)","(A)","(A)","C","B","(B)","(C)","(A)","(B)","A","(D)","(A)","(C)"
"","0570000060","15%","6","(A)","A","(C)","(B)","(C)","(A)","(A)","(C)","( )","(B)","(B)","(C)","(C)","(B)","(A)","(A)","(A)","(A)","(B)","D","B","A","(C)","(A)","(D)","B","(A)","(B)","(A)","(A)","(A)","(A)","A","(C)","(A)","(A)","(B)","(C)","(B)","(E)"
"","0570000061","25%","10","(A)","A","(D)","C","(B)","(E)","(D)","(B)","A","(A)","(B)","D","(A)","A","(B)","(D)","(E)","(A)","(D)","(B)","(D)","A","(D)","(C)","(D)","(C)","(A)","A","(D)","(A)","(A)","B","(B)","A","(A)","C","(E)","(C)","(B)","(C)"
"","0570000062","32.5%","13","(C)","A","B","(E)","(D)","(D)","B","(C)","A","(D)","(B)","D","(C)","A","(D)","C","B","(E)","A","(C)","B","(D)","(C)","B","(C)","(E)","(B)","(C)","(D)","B","(E)","(D)","(C)","A","(B)","(D)","(C)","(E)","(A)","(B)"
"","0570000063","20%","8","(C)","A","(D)","(A)","(B)","(A)","(E)","(E)","(B)","(A)","(A)","D","(A)","(B)","(A)","(D)","B","(D)","(D)","(E)","B","(B)","(D)","(C)","(D)","B","(A)","(B)","(D)","B","(A)","(A)","(D)","(C)","C","(A)","(D)","(E)","(A)","D"
"","0570000064","22.5%","9","(D)","A","(D)","(A)","A","(A)","B","D","(D)","C","(D)","(B)","(A)","(B)","(A)","(D)","(A)","(D)","(D)","D","(D)","A","(D)","(C)","(B)","B","(A)","(B)","(D)","(D)","(B)","(A)","(B)","(C)","(A)","(B)","(C)","(A)","(A)","D"
"","0570000065","32.5%","13","B","A","(D)","(E)","A","B","(D)","(E)","(D)","C","(E)","D","(C)","(B)","(A)","(A)","(E)","(D)","A","(E)","(D)","(B)","(D)","(C)","(D)","B","(D)","(D)","C","(A)","(A)","(C)","(C)","A","C","(A)","(D)","B","C","(A)"
"","0570000066","15%","6","( )","A","(A)","C","(B)","(E)","(E)","(E)","A","(A)","(A)","(B)","(A)","(B)","(D)","(D)","(E)","(D)","(D)","(C)","(D)","(B)","(C)","(D)","(B)","(C)","(A)","(B)","(A)","(C)","(A)","B","(C)","A","(B)","C","(B)","(D)","(A)","(C)"
"","0570000067","17.5%","7","( )","A","(C)","(A)","(B)","(D)","(A)","D","( )","(A)","(A)","D","B","(B)","(A)","(D)","(C)","(A)","(D)","(C)","(D)","(B)","(D)","(A)","(A)","B","(A)","(B)","(A)","(C)","(A)","B","(B)","(C)","(B)","(D)","(B)","(D)","C","(A)"
"","0570000068","25%","10","(E)","A","(D)","C","(C)","(A)","(C)","(E)","(D)","C","C","D","(A)","(B)","(A)","(D)","B","(D)","(D)","D","(D)","(B)","(D)","(C)","(D)","B","(A)","(B)","(D)","(D)","(B)","(A)","(B)","(C)","(A)","(D)","(C)","B","(E)","D"
"","0630000000","25%","10","B","(C)","B","(B)","(B)","B","(A)","(C)","(D)","C","(A)","(B)","(C)","A","(A)","(D)","(A)","(A)","(D)","(C)","(D)","(B)","(D)","(A)","(D)","B","(A)","(B)","(D)","B","C","B","(B)","(D)","(A)","C","(B)","(C)","(D)","(E)"
"","0630000001","20%","8","B","(D)","B","C","(B)","(A)","(A)","(C)","(B)","C","(A)","(B)","(A)","(B)","(A)","(D)","(A)","(A)","(D)","D","(D)","A","(D)","(C)","(D)","(D)","(A)","(C)","C","(D)","(A)","(C)","(B)","(B)","(A)","(A)","(C)","B","(D)","(A)"
"","0630000002","25%","10","B","A","B","(A)","(B)","(A)","(A)","(B)","(B)","C","(A)","(B)","B","(B)","(A)","(D)","(A)","(C)","(D)","(B)","B","A","(D)","(C)","(D)","(D)","(A)","(B)","(D)","(D)","(A)","(C)","A","A","(A)","C","(C)","(D)","(E)","(B)"
"","0630000003","32.5%","13","B","A","B","C","(B)","B","B","(C)","(D)","C","(D)","(B)","(D)","(B)","(A)","(D)","(A)","(D)","(D)","D","(D)","A","(D)","(C)","(D)","(D)","C","(B)","(D)","(D)","C","(A)","(D)","A","(A)","C","(C)","(C)","(A)","(C)"
"","0630000004","15%","6","B","A","B","(E)","(B)","(A)","(A)","(C)","(D)","C","(A)","(B)","(A)","(B)","(A)","(D)","(A)","(D)","(D)","(B)","(D)","A","(D)","(C)","(D)","(D)","(A)","(B)","(D)","(D)","(D)","(A)","(B)","(C)","(B)","(A)","(C)","B","(D)","(B)"
"","0630000005","15%","6","(D)","A","B","(B)","(B)","(D)","(C)","(E)","(D)","C","(B)","(B)","(C)","(B)","(A)","(D)","(A)","(D)","(D)","(B)","(A)","A","(D)","(C)","(B)","(D)","(A)","(B)","(D)","(D)","(A)","(A)","(C)","(B)","(A)","(D)","(E)","B","C","(A)"
"","0630000006","22.5%","9","B","(C)","B","(A)","(B)","(C)","(A)","D","A","C","C","D","(A)","(D)","(A)","(D)","(A)","(C)","(D)","D","(C)","(C)","(D)","(C)","(C)","B","(B)","(B)","(D)","(D)","(A)","(A)","(C)","(D)","(B)","(B)","(E)","(C)","(B)","(C)"
"","0630000007","25%","10","B","A","B","C","(B)","(A)","(C)","(C)","(B)","C","(A)","(B)","(A)","(B)","(A)","(B)","(A)","(D)","(D)","D","(D)","A","(D)","(C)","(B)","(D)","(A)","(B)","(D)","(D)","C","(C)","(B)","(C)","(A)","(D)","(C)","(C)","C","D"
"","0630000008","30%","12","B","(C)","B","C","(B)","(A)","B","(C)","A","C","(D)","D","(A)","(B)","(A)","(D)","B","(D)","(D)","(C)","(D)","A","(D)","(C)","(B)","(D)","(A)","(B)","(D)","(D)","C","(C)","(C)","A","(A)","(A)","(C)","B","(B)","(E)"
"","0630000009","15%","6","B","(C)","B","C","(B)","(A)","(A)","(B)","(B)","C","(A)","(B)","(C)","(B)","(A)","(D)","(A)","(D)","(D)","(B)","(D)","(B)","(D)","(A)","(B)","(D)","(A)","(D)","(D)","(C)","(A)","(C)","A","(C)","C","(A)","(B)","(C)","(B)","(E)"
"","0630000010","22.5%","9","B","A","B","(A)","(B)","(A)","(C)","(C)","(D)","C","(A)","(B)","(A)","(B)","(A)","(D)","(A)","(D)","(D)","(C)","(D)","A","(D)","B","(D)","(D)","(A)","(B)","(D)","(D)","(B)","(A)","(B)","(B)","(A)","(D)","(C)","B","C","D"
"","0630000011","22.5%","9","B","A","B","C","(B)","(C)","(A)","(C)","(D)","C","(D)","D","(A)","(B)","(A)","(D)","(A)","(A)","(B)","(B)","(D)","(C)","(D)","(C)","(D)","(C)","(A)","(B)","(D)","(D)","(A)","(A)","(C)","A","(A)","C","(C)","B","(D)","(E)"
"","0630000012","15%","6","B","(C)","B","(A)","(B)","B","(A)","(C)","( )","(D)","(A)","D","(A)","(B)","(A)","(D)","(A)","(A)","(D)","D","(C)","(B)","(D)","(A)","(D)","(D)","(A)","(B)","(D)","(D)","(A)","(A)","(B)","(B)","(A)","(D)","(D)","B","(A)","(E)"
"","0630000013","32.5%","13","B","A","B","C","(B)","(A)","B","(C)","A","C","(A)","(B)","(A)","(B)","(A)","(D)","(D)","(A)","(D)","D","(D)","A","(D)","(C)","(B)","(C)","(D)","A","(D)","(D)","(A)","(C)","(C)","A","(A)","(A)","(B)","B","(A)","D"
"","0630000014","22.5%","9","(C)","A","B","(A)","A","(A)","B","D","(D)","C","(E)","(B)","(A)","(B)","(A)","(D)","(C)","(A)","(D)","(B)","(D)","(C)","(D)","(C)","(D)","(D)","(A)","(B)","(D)","(D)","(A)","(C)","(D)","A","C","C","(B)","(A)","(D)","(B)"
"","0630000015","32.5%","13","B","A","B","(B)","(B)","(A)","(C)","(C)","A","C","(A)","(B)","(A)","(B)","(A)","(B)","(A)","(D)","(D)","D","(D)","A","B","(C)","(D)","(D)","(A)","(B)","(D)","(D)","(A)","B","A","(C)","(A)","C","(C)","B","(A)","D"
"","0630000016","40%","16","B","A","B","(E)","(C)","B","(A)","(B)","(D)","C","(A)","D","(A)","(B)","(A)","(D)","(A)","(C)","(D)","D","B","A","(D)","(C)","(C)","(D)","C","(B)","(D)","B","C","(A)","A","A","C","(A)","(B)","B","(D)","(A)"
"","0630000017","32.5%","13","B","A","B","(A)","(B)","B","(A)","D","(D)","C","(A)","D","(D)","(B)","(D)","(D)","(A)","(D)","(D)","D","(C)","A","(D)","(C)","(D)","(D)","(A)","(B)","(D)","(A)","(B)","B","(D)","(B)","C","C","A","(A)","(A)","(A)"
"","0630000018","35%","14","B","A","B","C","A","B","(E)","(E)","(D)","(A)","(B)","(B)","(A)","A","(A)","(D)","B","(D)","(C)","(B)","(D)","A","B","B","(D)","(D)","(B)","(C)","(A)","(C)","C","(A)","(B)","(D)","C","(A)","A","(A)","(B)","(C)"
"","0630000019","17.5%","7","B","(C)","B","(D)","(D)","(A)","(E)","(C)","(D)","C","(A)","(A)","(A)","(B)","(A)","(A)","(D)","(D)","(D)","D","(D)","A","(D)","(A)","(D)","(D)","(A)","(B)","(D)","(D)","C","(D)","(D)","(C)","(A)","(A)","(C)","B","(D)","(C)"
"","0630000020","22.5%","9","B","A","B","(A)","(D)","(A)","(A)","(C)","A","C","(A)","(B)","(A)","(B)","(A)","(D)","(A)","(D)","(D)","D","(D)","A","(D)","(C)","(C)","(D)","(A)","(B)","(D)","(D)","(A)","(A)","A","(C)","C","(A)","( )","( )","( )","( )"
"","0630000021","27.5%","11","B","A","B","(A)","(B)","(A)","(A)","(C)","A","C","(A)","(B)","B","(C)","(A)","(A)","(A)","(D)","(D)","(B)","(D)","A","B","(C)","(D)","(D)","(A)","(B)","(D)","(D)","(D)","(C)","(B)","A","C","(A)","(C)","B","(D)","(A)"
"","0630000022","25%","10","B","A","(C)","(A)","(B)","(A)","(C)","(C)","A","C","(A)","(B)","(A)","(B)","(A)","(D)","(D)","(D)","(D)","D","(D)","A","(A)","(C)","(D)","(D)","(A)","(B)","(D)","(D)","(A)","B","(B)","A","C","(D)","(C)","B","(E)","(B)"
"","0630000023","27.5%","11","B","(D)","B","C","(B)","B","(A)","(C)","(C)","C","C","(B)","(C)","(B)","(A)","(D)","(A)","(D)","(D)","(A)","(D)","A","(D)","(A)","(B)","(D)","(A)","(B)","(D)","(D)","(A)","(A)","A","(B)","C","(A)","(C)","B","(D)","D"
"","0630000024","15%","6","B","(C)","B","(E)","(B)","(A)","(C)","(C)","(D)","C","(A)","(B)","(A)","(B)","(A)","(D)","(D)","(D)","(B)","(A)","(D)","A","(D)","(C)","(D)","(D)","(A)","(B)","(D)","(D)","(A)","B","(B)","(C)","(B)","C","(C)","(A)","(A)","(C)"
"","0630000025","27.5%","11","B","A","B","C","(B)","(A)","B","(C)","A","C","(A)","(B)","(A)","(B)","(A)","(A)","(A)","(D)","(D)","(B)","(D)","A","(A)","(C)","(D)","(A)","(A)","(B)","(D)","(D)","C","(A)","A","(C)","(A)","(A)","A","(C)","(D)","(B)"
"","0630000026","35%","14","B","(D)","B","C","(B)","B","B","(C)","A","C","C","D","(A)","A","(A)","(D)","B","(D)","(D)","(B)","B","(B)","(D)","(A)","(C)","B","(A)","A","(A)","(C)","(A)","(A)","(B)","(B)","(A)","(D)","(B)","(C)","(A)","(E)"
"","0630000027","17.5%","7","B","A","(A)","(D)","(B)","(E)","(E)","(C)","(D)","C","(E)","(B)","(A)","(B)","(A)","(D)","(C)","(D)","(D)","(B)","(D)","A","B","(C)","(D)","(D)","(B)","(B)","(A)","B","(A)","(A)","(B)","(B)","C","(D)","(C)","(C)","(A)","(E)"
"","0630000028","30%","12","B","A","( )","(A)","(B)","(A)","(C)","(C)","A","C","C","(B)","(C)","A","C","(A)","(A)","(D)","(D)","(C)","(D)","A","(D)","(C)","(B)","B","(A)","(B)","(D)","B","(A)","(A)","(D)","A","(A)","(A)","(C)","B","(D)","(C)"
"","0630000029","25%","10","B","A","B","C","(B)","(A)","(A)","(C)","A","C","(A)","(B)","(A)","(B)","(A)","(D)","B","(D)","(D)","(A)","B","(B)","(D)","(D)","(B)","(D)","(A)","(B)","(D)","(D)","(A)","(A)","(D)","(B)","C","C","(C)","(E)","(A)","(C)"
"","0630000030","27.5%","11","(D)","A","B","(A)","(B)","B","B","D","(B)","(D)","(A)","(B)","(E)","A","(A)","(D)","(A)","(D)","(D)","(A)","(D)","A","(D)","(C)","(D)","(D)","(A)","(B)","(D)","(C)","(A)","B","(C)","A","C","(A)","(D)","(E)","(B)","D"
"","0630000031","22.5%","9","B","A","B","C","(B)","(A)","(C)","(C)","A","C","(A)","(B)","(A)","(B)","(A)","(D)","(D)","(D)","(D)","D","(D)","A","(D)","(A)","(B)","(D)","(A)","(B)","(D)","(D)","(D)","(A)","(B)","(B)","(A)","(D)","(C)","B","(A)","(A)"
"","0630000032","22.5%","9","B","A","B","(B)","(B)","(A)","(A)","(C)","(D)","C","(A)","(B)","(A)","(B)","(A)","(B)","(A)","(D)","(D)","(B)","(D)","A","(D)","(D)","(D)","B","(A)","A","(D)","(D)","(A)","(A)","A","(C)","C","(A)","(B)","(E)","(D)","( )"
"","0630000033","30%","12","(D)","(C)","B","(A)","(B)","(A)","(D)","(B)","A","(A)","(B)","(A)","(A)","(C)","(D)","(B)","B","(A)","(B)","(B)","(C)","(C)","B","B","(D)","B","C","(B)","(D)","B","(B)","B","A","(D)","(A)","(B)","A","B","(A)","(C)"
"","0630000034","25%","10","(D)","A","B","C","(B)","(C)","B","D","(D)","C","(A)","(B)","(E)","A","(A)","(D)","(A)","(D)","(C)","D","(D)","(C)","B","(A)","(B)","(D)","( )","(B)","(D)","( )","(B)","( )","( )","(C)","( )","( )","(C)","B","( )","( )"
"","0630000035","37.5%","15","B","(D)","B","C","(B)","(A)","(C)","(C)","A","C","(A)","(B)","(A)","(B)","(A)","(D)","(A)","(D)","(D)","D","(D)","A","B","(A)","(B)","(D)","(A)","(B)","(D)","(D)","(A)","(A)","A","A","C","C","(C)","B","C","D"
"","0630000036","37.5%","15","B","A","(A)","(A)","(B)","B","(A)","D","A","C","(A)","(B)","(A)","(B)","(A)","(D)","(A)","(A)","(D)","D","(D)","(B)","(D)","(A)","(D)","(D)","(B)","A","C","B","C","B","(D)","(C)","(A)","C","A","B","(A)","(A)"
"","0630000037","25%","10","B","(D)","B","C","(B)","(A)","(A)","(C)","(D)","C","(B)","(B)","(A)","(B)","(A)","(D)","(A)","(D)","(D)","(C)","(D)","A","(D)","B","(D)","(D)","(A)","(B)","(D)","(D)","(B)","(C)","(B)","A","(A)","C","(C)","B","(A)","D"
"","0630000038","22.5%","9","B","A","(C)","C","(B)","(A)","(C)","(A)","(D)","(A)","(B)","(B)","(A)","(B)","(A)","(D)","(D)","(D)","(D)","(C)","(D)","A","(D)","(A)","(B)","(D)","(A)","(B)","(D)","(D)","(B)","B","(D)","A","C","(B)","(C)","B","(A)","D"
"","0740000","22.5%","9","B","A","B","C","(B)","(A)","(C)","D","(B)","C","(A)","(B)","(A)","(B)","(A)","(D)","B","(D)","(D)","(C)","(D)","A","(D)","(C)","(B)","(D)","(A)","(B)","(D)","(D)","(B)","(A)","(D)","(C)","(A)","(B)","(C)","(D)","(A)","D"
"","0740000001","22.5%","9","B","A","B","C","(B)","B","(E)","(C)","(B)","C","(A)","(B)","(D)","(D)","(A)","(D)","(E)","(D)","(D)","(C)","(D)","(B)","(D)","(C)","(B)","(D)","(A)","(B)","(D)","(D)","(B)","(A)","(D)","A","(A)","(B)","(C)","B","(A)","D"
"","0740000002","27.5%","11","B","A","B","C","(B)","B","(E)","(C)","A","C","(A)","(B)","(A)","(B)","(A)","(D)","B","(D)","(D)","(C)","(D)","A","(D)","(C)","(B)","(D)","(B)","(B)","(A)","(D)","(B)","(A)","(D)","(C)","(A)","(B)","(C)","B","(A)","D"
"","0740000003","17.5%","7","(D)","A","B","C","(B)","(A)","(C)","(C)","(D)","C","(A)","(B)","(A)","(B)","(A)","(D)","B","(D)","(D)","(C)","(D)","A","(D)","(C)","(B)","(D)","(A)","(B)","(D)","(D)","(B)","(A)","(D)","(C)","(A)","(B)","(C)","(C)","(B)","D"
"","0740000004","22.5%","9","B","A","B","C","(B)","(A)","(E)","(C)","(B)","C","(E)","(C)","(A)","(B)","(A)","(D)","B","(D)","(D)","(C)","(D)","A","(D)","(C)","(B)","(D)","(A)","(B)","(D)","(D)","(B)","(C)","(D)","(B)","(A)","(B)","(C)","B","(A)","D"
"","0740000005","20%","8","B","A","B","C","(B)","(A)","(E)","(C)","(B)","C","(A)","(B)","(A)","(B)","(A)","(D)","B","(D)","(D)","(C)","(D)","A","(D)","(C)","(B)","(D)","(A)","(B)","(D)","(D)","(B)","(A)","(D)","(C)","(A)","(B)","(B)","B","(D)","(C)"
"","0740000006","22.5%","9","B","A","(A)","C","(B)","(A)","(E)","(E)","(D)","C","(A)","D","(A)","(B)","(A)","(D)","B","(D)","(D)","(A)","(D)","A","(D)","(C)","(D)","(D)","(A)","(D)","C","(C)","(B)","(D)","(B)","(C)","C","(A)","(C)","(D)","(B)","(B)"
"","0740000007","20%","8","B","A","B","C","(B)","(A)","(E)","(C)","(B)","C","(A)","(B)","(A)","(B)","(A)","(D)","B","(D)","(D)","(E)","(D)","A","(D)","(C)","(B)","(D)","(A)","(B)","(D)","(C)","(A)","(A)","(B)","(C)","(A)","(B)","(D)","B","(A)","(C)"
"","0740000008","22.5%","9","B","A","B","C","(B)","(A)","(E)","(C)","(B)","C","(A)","(B)","(D)","(B)","(A)","(D)","B","(D)","(D)","(C)","(D)","A","(D)","(C)","(B)","B","(A)","(B)","(D)","(D)","(B)","(A)","(D)","(C)","(A)","(B)","(C)","B","(E)","(E)"
"","0740000009","22.5%","9","B","A","B","C","(B)","(A)","(E)","(C)","(B)","C","(B)","(B)","(D)","(B)","(A)","(D)","B","(D)","(D)","(C)","(D)","A","(D)","(C)","(B)","B","(A)","(B)","(D)","(D)","(B)","(A)","(D)","(C)","(A)","(B)","(C)","B","(E)","(E)"
"","0750000001","30%","12","B","(D)","(E)","C","(B)","(E)","(A)","D","A","(E)","C","D","(D)","(B)","(A)","(B)","(D)","(C)","A","D","(D)","(B)","(D)","(C)","(C)","(D)","(A)","(B)","(A)","B","(B)","B","(C)","(C)","(B)","(A)","(E)","B","C","(B)"
"","0750000002","27.5%","11","B","(D)","B","C","(B)","(D)","(D)","D","(D)","C","(B)","D","(A)","(B)","(A)","C","B","(A)","A","(A)","(D)","(B)","(D)","(C)","(D)","(D)","(A)","(B)","(A)","(A)","(B)","(A)","A","(C)","C","(A)","(C)","(E)","(B)","(B)"
"","0750000003","17.5%","7","(C)","A","(C)","(A)","(E)","(C)","B","(E)","(D)","(D)","(A)","D","(A)","(B)","(A)","(D)","(C)","B","(D)","(E)","(D)","(B)","(D)","(C)","(D)","(D)","(A)","(B)","C","(A)","(B)","(C)","(B)","(C)","C","(A)","A","(D)","(B)","(E)"
"","0750000004","20%","8","(A)","A","(D)","C","(C)","(A)","B","(C)","(D)","(A)","(A)","D","(D)","(C)","(A)","(D)","(E)","(D)","(D)","(B)","(D)","(B)","(D)","(C)","(B)","(D)","(A)","(B)","C","B","(A)","(A)","(D)","A","C","(A)","(B)","(E)","(D)","(E)"
"","0750000005","10%","4","(A)","A","(D)","C","(E)","(A)","(C)","(E)","(D)","(A)","(B)","(B)","(A)","(B)","(A)","(D)","(E)","(D)","(D)","(E)","(D)","(B)","(D)","(C)","(D)","(D)","(A)","(B)","(A)","B","(B)","(C)","(D)","(C)","(A)","C","(B)","(D)","(E)","(B)"
"","0750000009","17.5%","7","(A)","(C)","(D)","C","(E)","(E)","(C)","(E)","(B)","(E)","(A)","(C)","(D)","A","(A)","C","(E)","(A)","(D)","(C)","(D)","(C)","(D)","(C)","(C)","B","(A)","(B)","C","B","(B)","(A)","(C)","(B)","(A)","C","(B)","(A)","(E)","(B)"
"","0750000010","22.5%","9","(E)","(D)","(C)","C","(E)","(A)","(C)","(C)","(D)","(B)","C","(B)","(E)","(B)","C","(A)","(A)","(A)","(D)","(B)","(D)","(D)","(D)","(C)","(B)","B","(A)","(B)","(A)","B","C","B","A","A","(A)","(A)","(D)","(E)","(E)","(E)"
"","0750000012","25%","10","(C)","A","(A)","(B)","(B)","(A)","(C)","(B)","(D)","C","(A)","D","(A)","(B)","(A)","(D)","B","(A)","(D)","(B)","(D)","(B)","(D)","B","(D)","B","(A)","(B)","C","B","(B)","(C)","A","(C)","(A)","(A)","A","(C)","(A)","(E)"
"","0750000013","20%","8","(C)","A","(C)","C","(D)","(E)","(C)","(C)","(D)","(A)","(A)","D","(A)","(B)","(A)","(D)","B","(D)","(D)","(C)","(D)","(B)","(D)","(C)","(D)","(D)","(A)","(B)","(A)","B","(B)","(D)","A","(B)","(A)","(A)","A","B","(A)","(A)"
"","0750000014","15%","6","(A)","A","(A)","(E)","(B)","(C)","(C)","(AC)","(D)","C","(D)","(B)","(A)","(B)","(A)","(D)","B","(D)","(D)","D","(D)","(B)","(D)","(C)","(D)","(A)","(A)","(B)","(A)","(A)","(A)","(A)","A","(C)","(A)","C","(D)","(D)","(A)","(C)"
"","0750000015","25%","10","(A)","A","(A)","(A)","(B)","B","(E)","(B)","(D)","C","(A)","D","(A)","(B)","C","(D)","(D)","(A)","(D)","(E)","(C)","A","(D)","B","(B)","B","(D)","(B)","(A)","(C)","C","B","(C)","(C)","(D)","(A)","(B)","(C)","(B)","(E)"
"","0750000016","27.5%","11","B","A","(D)","(A)","(C)","(E)","(A)","D","A","(D)","C","D","(A)","(B)","(B)","C","(E)","(A)","(D)","(E)","(D)","(B)","(D)","(C)","(B)","B","(A)","(B)","(A)","(A)","(A)","(A)","A","(B)","C","C","(E)","(C)","(B)","(E)"
"","0750000999","15%","6","(D)","A","(D)","C","(E)","(E)","(A)","(C)","A","(B)","(A)","(B)","(E)","(B)","(D)","(D)","(E)","(A)","(B)","D","(D)","(B)","(D)","(A)","(D)","(A)","(A)","(B)","(A)","( )","(B)","(C)","A","(C)","C","(D)","(D)","(A)","(E)","(B)"
"","0760000001","27.5%","11","(A)","A","(C)","C","(B)","(E)","(D)","(B)","(D)","(A)","C","D","(C)","(B)","(A)","(D)","(A)","(D)","(D)","(C)","(D)","A","(D)","B","(D)","B","(A)","(B)","(D)","(D)","C","B","A","(C)","(A)","(D)","A","(C)","(A)","(C)"
"","0760000002","25%","10","(E)","( )","( )","C","A","B","(D)","D","(BD)","C","(A)","D","(D)","A","( )","( )","(A)","(C)","(C)","(E)","B","(B)","(D)","(C)","(D)","(BD)","(A)","(B)","C","(C)","C","(E)","(DE)","(CD)","(BC)","(AB)","(BC)","(D)","(DE)","(E)"
"","0760000003","30%","12","(ABCDE)","A","B","C","(E)","B","(C)","(E)","A","C","(E)","D","(D)","(B)","(A)","C","(A)","(A)","(C)","(E)","B","(B)","(D)","(C)","(D)","B","(A)","(B)","(D)","(E)","(E)","(E)","A","(B)","(D)","(E)","(AC)","(D)","(ABE)","D"
"","0760000004","22.5%","9","(C)","A","B","(A)","(B)","(E)","(E)","(E)","A","C","(B)","D","(A)","(B)","(D)","(D)","(A)","(A)","(D)","(C)","(D)","(C)","(D)","(C)","(B)","B","(A)","(B)","(D)","B","(B)","(A)","A","(C)","(A)","(B)","(C)","(C)","C","(C)"
"","0760000005","27.5%","11","(D)","A","(E)","C","A","B","(C)","D","A","C","(A)","D","(A)","(B)","(A)","(D)","(A)","(D)","(D)","(C)","(D)","(C)","(D)","(C)","(D)","B","(B)","(B)","(D)","B","(B)","(A)","(B)","(C)","(A)","(A)","(C)","(C)","C","(C)"
"","0760000006","20%","8","(C)","A","(E)","(A)","(B)","(E)","(E)","(E)","A","C","(B)","D","(A)","(B)","(D)","(D)","(A)","(A)","(D)","(C)","(D)","(C)","(D)","(C)","(B)","B","(A)","(B)","(D)","B","(B)","(A)","A","(C)","(A)","(B)","(C)","B","(D)","(A)"
"","0760000007","27.5%","11","(D)","A","B","C","(B)","(A)","(A)","(E)","A","(D)","(A)","D","(A)","(B)","(A)","(D)","(A)","(D)","(B)","(C)","B","A","(D)","(C)","(B)","(A)","(A)","(B)","(D)","(D)","C","(A)","A","(C)","(A)","(B)","A","(A)","C","(E)"
"","0760000008","32.5%","13","B","A","(C)","C","(B)","(E)","(C)","(C)","A","(A)","C","D","(A)","(B)","(A)","C","(A)","(D)","(D)","(C)","(D)","A","(D)","(C)","(D)","B","(A)","(B)","(D)","B","C","B","A","(C)","(A)","(B)","(B)","(E)","(A)","(C)"
"","0760000009","35%","14","B","A","B","C","A","(A)","(E)","D","A","C","C","(E)","(D)","(B)","(A)","(B)","(A)","(E)","A","(C)","B","A","(D)","(C)","(B)","(A)","(B)","(C)","(B)","(D)","(B)","(C)","A","(B)","(D)","(D)","(B)","(C)","(A)","D"
"","0760000010","27.5%","11","B","A","(D)","C","(B)","(E)","(C)","D","A","C","(B)","D","(A)","(B)","(A)","(D)","(A)","(D)","(D)","(C)","(D)","A","(D)","(D)","(C)","B","(A)","(B)","(D)","(D)","(D)","(A)","(C)","(C)","(A)","(B)","(C)","(A)","C","D"
"","0760000011","15%","6","(A)","A","(D)","C","(C)","(A)","(C)","(B)","(B)","(A)","(B)","(B)","(A)","(B)","(A)","(B)","(A)","(D)","(D)","(C)","(D)","(B)","(D)","(C)","(D)","(A)","(A)","(D)","(A)","B","( )","B","(B)","(C)","(A)","C","(B)","(C)","(A)","D"
"","0760000012","7.5%","3","(A)","(B)","(C)","(B)","(B)","B","(A)","(A)","A","(A)","(B)","(A)","B","(C)","(B)","(B)","(A)","(A)","(B)","(C)","(A)","(B)","(C)","(A)","(B)","( )","( )","( )","( )","( )","( )","( )","( )","( )","( )","( )","( )","( )","( )","( )"
"","0760000013","10%","4","(A)","(B)","(C)","(B)","(B)","(A)","(C)","(A)","(B)","(A)","C","(A)","B","(B)","C","(B)","(A)","(A)","(C)","(B)","(A)","A","(C)","(A)","(B)","( )","( )","( )","( )","( )","( )","( )","( )","( )","( )","( )","( )","( )","( )","( )"
"","0760000014","30%","12","B","A","B","(B)","(B)","B","(C)","(B)","A","(A)","C","(A)","B","A","(A)","(A)","B","B","A","(C)","(A)","A","(A)","(A)","(B)","( )","( )","( )","( )","( )","( )","( )","( )","( )","( )","( )","( )","( )","( )","( )"
"","0760000015","17.5%","7","B","A","(C)","(B)","(B)","B","(A)","(C)","A","C","(B)","(A)","B","(C)","(B)","(B)","(A)","(A)","(B)","(C)","(A)","A","(C)","(A)","(B)","( )","( )","( )","( )","( )","( )","( )","( )","( )","( )","( )","( )","( )","( )","( )"
"","0760000016","10%","4","B","(B)","(C)","(B)","(B)","(A)","(C)","(C)","A","(A)","(B)","(A)","B","(C)","(A)","(B)","(A)","(A)","(B)","(C)","(A)","(B)","(C)","B","(B)","( )","( )","( )","( )","( )","( )","( )","( )","( )","( )","( )","( )","( )","( )","( )"
"","0780000001","32.5%","13","B","A","(D)","C","A","(A)","(A)","D","(D)","C","(A)","D","(A)","(B)","(A)","(D)","(A)","B","(D)","(C)","(D)","A","B","(D)","(B)","(D)","(A)","(B)","(A)","B","C","(A)","(B)","(C)","C","(B)","(B)","(C)","(A)","(E)"
"","0780000002","25%","10","(E)","A","B","C","(B)","(A)","B","D","A","C","(A)","(A)","(A)","(B)","(A)","(D)","(A)","(A)","(D)","D","B","(B)","(D)","(C)","(B)","(D)","(A)","(B)","(D)","(A)","(A)","(C)","(C)","(C)","(A)","(B)","(C)","(A)","C","(B)"
"","0780000003","25%","10","(E)","A","(C)","C","(B)","(A)","B","(B)","(D)","(A)","(E)","D","(C)","(C)","(A)","C","(A)","(D)","(D)","D","(D)","A","(D)","(C)","(D)","(D)","(A)","(B)","C","B","(A)","(A)","(C)","(C)","(A)","(B)","(C)","B","(D)","(E)"
"","0780000004","20%","8","B","A","B","C","(B)","(A)","(C)","D","(D)","C","(A)","(B)","(D)","(B)","(A)","(D)","(A)","(A)","(D)","(C)","(D)","(B)","(D)","(C)","(D)","(D)","(A)","(B)","(D)","(D)","(B)","(A)","A","(C)","C","(B)","(E)","(C)","(A)","(A)"
"","0780000006","15%","6","B","A","B","C","(B)","(A)","(A)","(E)","(D)","C","(A)","(B)","(A)","(B)","(A)","(D)","(A)","(A)","(D)","(C)","(D)","(B)","(D)","(C)","(D)","(D)","(A)","(B)","(D)","(D)","(B)","(A)","A","(B)","(A)","(B)","(B)","(C)","(A)","(A)"
"","0780000007","17.5%","7","B","A","B","C","(B)","(A)","(C)","(C)","(D)","C","(A)","(B)","(A)","(B)","(A)","(D)","(A)","(D)","(D)","(C)","(D)","(B)","(D)","(C)","(D)","B","(A)","(B)","(D)","(D)","(B)","B","(D)","(C)","(A)","(B)","(B)","(C)","(E)","(A)"
"","0780000999","30%","12","B","A","(A)","C","(C)","(A)","(C)","D","(B)","C","C","( )","B","(C)","(A)","(B)","(C)","B","A","(B)","(A)","(D)","(A)","B","(C)","(A)","(B)","A","C","(E)","(E)","(E)","(E)","(E)","(E)","(E)","(E)","(E)","(E)","(E)"
"","0800000001","30%","12","(D)","A","(A)","C","A","(C)","(C)","D","(D)","(D)","(E)","D","(C)","A","(A)","(D)","(D)","B","(C)","(A)","(D)","(B)","(D)","(D)","(B)","B","C","(C)","(A)","(D)","(B)","(C)","A","(C)","C","C","( )","( )","( )","( )"
"","0800000002","22.5%","9","(D)","A","(A)","C","A","(A)","(E)","(E)","A","C","(A)","(A)","(A)","(B)","(A)","(D)","(A)","(D)","(D)","(A)","(C)","(B)","(D)","(E)","(B)","(A)","(B)","A","C","(E)","C","(C)","(B)","(D)","(B)","C","(E)","(C)","(A)","(A)"
"","0800000003","17.5%","7","(D)","A","(D)","(B)","A","(E)","(A)","D","A","C","(A)","(B)","(C)","(B)","(D)","(D)","(A)","(C)","(B)","(B)","(C)","(D)","(A)","B","(B)","(A)","(B)","(C)","C","(C)","(A)","(A)","( )","(D)","(D)","(A)","(B)","(C)","(A)","(E)"
"","0800000004","32.5%","13","B","A","B","(D)","A","(A)","(D)","(E)","A","(D)","(E)","D","(E)","(B)","(A)","(D)","(D)","(A)","(D)","(A)","(D)","(B)","(D)","B","(B)","B","(A)","(B)","C","B","(A)","B","(B)","A","C","(B)","(D)","(C)","(E)","(E)"
"","0850000010","20%","8","B","A","(D)","C","(C)","(A)","(E)","D","(D)","(E)","(E)","D","(E)","A","(A)","(D)","(A)","(A)","(D)","(B)","(D)","A","(D)","(C)","(B)","(D)","(A)","(B)","(A)","(D)","(B)","(A)","(D)","(C)","(A)","(B)","(C)","B","(A)","(E)"
"","0850000020","42.5%","17","(A)","A","(C)","C","A","(C)","B","D","A","C","C","(C)","(E)","(C)","(A)","(D)","B","(A)","(D)","(B)","(D)","(B)","(D)","B","(B)","B","(B)","(B)","(A)","B","(B)","B","A","A","(A)","C","(C)","B","(A)","(E)"
"","0850000030","17.5%","7","B","A","(D)","C","(C)","(A)","(E)","D","(D)","(E)","(E)","(B)","(A)","(B)","(A)","(D)","(A)","B","(D)","(C)","(D)","A","(D)","(C)","(B)","(D)","(A)","(B)","(A)","(D)","(B)","(A)","(D)","(C)","(A)","(B)","(C)","B","(A)","(E)"
"","0850000040","15%","6","B","A","(D)","C","(C)","(A)","(E)","D","(D)","(E)","(E)","(B)","(A)","(B)","(A)","(D)","(A)","(D)","(D)","(C)","(D)","A","(D)","(C)","(B)","(D)","(A)","(B)","(A)","(D)","(B)","(A)","(D)","(C)","(A)","(B)","(C)","B","(A)","(E)"
"","0850000050","32.5%","13","B","A","(C)","(D)","(D)","(D)","(A)","D","A","(A)","(D)","D","B","(B)","(D)","(E)","(A)","B","(D)","(A)","(D)","A","(D)","(A)","(C)","B","(A)","(D)","(D)","B","(A)","(D)","(C)","A","C","(A)","(B)","B","(A)","(A)"
"","0850000060","27.5%","11","B","A","(E)","(A)","A","(E)","(A)","(C)","A","C","(A)","D","(C)","(B)","(A)","C","(A)","(D)","(D)","(A)","(D)","(B)","(D)","(C)","(D)","B","(A)","(B)","C","(C)","(B)","B","(D)","(C)","(A)","C","(B)","(C)","(D)","(A)"
"","0850000070","25%","10","B","A","(C)","C","(B)","(E)","(C)","D","A","C","C","(A)","(A)","(B)","(A)","(D)","(A)","(D)","(D)","(C)","(D)","A","(D)","(C)","(B)","(D)","(A)","(D)","(D)","(A)","(B)","(A)","(B)","(C)","(B)","(A)","(C)","B","(A)","D"
"","0850000080","17.5%","7","B","A","(D)","C","(B)","(E)","(C)","D","(D)","(E)","(B)","D","(A)","(B)","(A)","(D)","(A)","(D)","(D)","(C)","(D)","A","(D)","(C)","(B)","B","(A)","(B)","(A)","(A)","(B)","(A)","(D)","(C)","(A)","(A)","(B)","(C)","(A)","(E)"
"","0850000090","25%","10","B","A","(C)","C","(B)","(E)","(C)","D","A","C","(B)","(C)","(A)","(B)","(A)","(B)","(D)","(A)","A","(C)","(D)","(D)","(D)","(A)","(D)","(D)","(A)","(B)","(A)","(A)","(B)","(A)","A","(B)","(A)","(A)","A","B","(B)","(C)"
"","0850000100","17.5%","7","B","A","(C)","(E)","(B)","(A)","(E)","(C)","(B)","(B)","(A)","(B)","(A)","A","(D)","C","(C)","(D)","(B)","(A)","B","(B)","(D)","(D)","(C)","(D)","(A)","(D)","(A)","(D)","(B)","(A)","A","(C)","(A)","C","(D)","(C)","(D)","(E)"
"","0850000110","32.5%","13","(D)","A","B","(E)","(B)","B","B","(B)","A","(A)","(E)","D","(A)","(C)","C","(B)","(A)","(A)","(D)","(C)","B","(D)","(D)","(C)","(B)","(D)","(A)","(B)","C","(A)","C","(C)","A","A","(D)","(A)","(B)","(E)","C","(B)"
"","0850000120","30%","12","B","A","(D)","(E)","A","(E)","(D)","D","A","(A)","(E)","(B)","(C)","A","(A)","(D)","B","(A)","(D)","D","B","(B)","(D)","(C)","(B)","(A)","(A)","(C)","(D)","B","C","(C)","(B)","(B)","(A)","(A)","(C)","(C)","(A)","D"
"","0850000130","22.5%","9","(A)","A","(D)","(D)","(E)","(E)","(D)","D","(D)","(A)","(D)","D","(D)","(B)","(A)","(E)","(D)","(A)","(D)","(A)","(D)","(B)","(D)","(C)","(B)","(A)","(A)","(C)","C","(A)","(B)","B","A","A","(A)","(A)","(C)","(E)","C","D"
"","0880000018","17.5%","7","(E)","A","(D)","C","(B)","(A)","(C)","(B)","(B)","(A)","(E)","(B)","(C)","(B)","(A)","(D)","B","(D)","(D)","(A)","B","A","(D)","(C)","(D)","(D)","(A)","(B)","(B)","(A)","(A)","B","(C)","(D)","(B)","(D)","(B)","(A)","C","(E)"
"","0880000019","22.5%","9","(E)","A","(D)","C","(B)","B","(E)","(A)","(D)","(E)","C","D","(A)","(B)","(A)","(D)","B","(D)","(D)","(E)","(D)","(B)","(D)","(C)","(D)","B","(A)","(B)","C","(A)","(B)","(A)","A","(B)","(B)","(A)","(C)","(D)","(E)","(E)"
"","0880000024","15%","6","(E)","A","(D)","C","(B)","(A)","(C)","(C)","(D)","C","C","D","(A)","(B)","(A)","(D)","B","(D)","(D)","(A)","(D)","(B)","(D)","(C)","(D)","(D)","(A)","(B)","(A)","(A)","(B)","(C)","(D)","(C)","(A)","(D)","(B)","(C)","(D)","(E)"
"","0950000999","0%","0","( )","( )","( )","( )","( )","( )","( )","( )","( )","( )","( )","( )","( )","( )","( )","( )","( )","( )","( )","( )","( )","( )","( )","( )","( )","( )","( )","( )","( )","( )","( )","( )","( )","( )","( )","( )","( )","( )","( )","( )"
"","0960000007","10%","4","B","(D)","(D)","(B)","(E)","(A)","(C)","(A)","(B)","C","(B)","(B)","(A)","(B)","(A)","(B)","(A)","(D)","(D)","(A)","(D)","(B)","(D)","B","(D)","(A)","(A)","(B)","(A)","(C)","(B)","(A)","(B)","(C)","(A)","(B)","(D)","(E)","C","(E)"
"","0960000020","25%","10","B","A","(A)","C","(C)","B","(C)","(E)","(B)","C","(B)","(B)","(A)","(B)","(A)","(D)","(D)","(D)","(D)","D","(C)","(B)","(D)","(C)","(D)","B","(A)","A","(A)","(C)","(D)","(A)","(D)","(C)","(A)","(A)","(D)","B","C","(E)"
"","0960000030","20%","8","B","A","(D)","C","(B)","(D)","(D)","(C)","(B)","C","(E)","(B)","(A)","(B)","(A)","(D)","(A)","(A)","(D)","(C)","(D)","(D)","(D)","(C)","(B)","B","(A)","(B)","(A)","B","C","B","(B)","(C)","(A)","(B)","(C)","(A)","(D)","(B)"
"","0960000033","25%","10","B","A","(A)","C","(C)","(A)","(A)","(C)","A","C","C","(C)","(A)","(B)","(A)","C","B","(A)","(D)","(C)","(D)","(B)","(D)","(C)","(B)","B","(A)","(B)","(A)","B","(B)","(C)","(B)","(C)","(D)","(A)","(B)","(C)","(E)","(E)"
"","0960000034","32.5%","13","B","A","(A)","(B)","A","(A)","(C)","(B)","A","C","(A)","(B)","(C)","(B)","(A)","(D)","(A)","(D)","(D)","D","(D)","(B)","(D)","(C)","(D)","B","(A)","(B)","C","(A)","C","B","(B)","(C)","(B)","C","A","B","(D)","(A)"
"","0960000048","20%","8","(A)","(D)","(D)","C","(B)","(A)","(C)","(B)","A","C","(A)","D","(A)","(B)","(A)","C","B","(A)","(D)","(C)","(C)","(B)","(D)","(C)","(B)","(D)","(A)","(B)","(A)","(C)","C","(A)","(B)","(B)","(A)","(B)","(B)","(C)","(D)","D"
"","0960000088","22.5%","9","(C)","A","(D)","C","(B)","(A)","B","D","(D)","C","(E)","(B)","(A)","(B)","(A)","(D)","(A)","(A)","(D)","(C)","(D)","(B)","(D)","(C)","(D)","B","(A)","(B)","C","(D)","C","(A)","(D)","(C)","(B)","C","(B)","(A)","(D)","(C)"
"","0970000002","20%","8","(E)","A","(A)","C","(E)","B","(C)","(E)","A","(E)","(A)","(B)","B","(B)","(D)","(D)","(A)","(D)","(D)","(B)","(D)","(D)","(D)","(C)","(B)","B","(A)","(B)","(D)","(D)","(B)","(C)","A","(C)","(A)","(B)","(D)","B","(A)","(E)"
"","0970000003","22.5%","9","(E)","A","(A)","C","(E)","B","(C)","(E)","A","(B)","(B)","(B)","(D)","(D)","(A)","(D)","(D)","B","(D)","D","B","(D)","(D)","(D)","(B)","B","(A)","(B)","(D)","(D)","(B)","(C)","(B)","(C)","(A)","(B)","(D)","(C)","(B)","D"
"","0970000999","20%","8","(D)","A","(D)","C","(B)","(E)","(A)","D","(E)","C","(B)","D","(A)","(B)","(A)","(D)","(A)","(D)","(D)","D","(D)","(D)","(D)","(A)","(D)","B","(A)","(B)","(D)","(D)","(B)","(A)","(B)","(B)","(A)","(B)","(C)","(E)","(B)","D"
"","1010000097","10%","4","(E)","A","(D)","(B)","(B)","(A)","(A)","(C)","(B)","C","(A)","(C)","(A)","(B)","(A)","(D)","B","(A)","(D)","(E)","(D)","(B)","(D)","(C)","(D)","B","(A)","(B)","(D)","(D)","(B)","(A)","(D)","(C)","(A)","(B)","(D)","(C)","(A)","(A)"
"","1010000099","35%","14","(E)","A","(C)","C","A","(E)","(C)","(B)","A","(E)","C","D","B","(BE)","(A)","(D)","B","(A)","(B)","(E)","B","(B)","(D)","(C)","(D)","B","(A)","(B)","(D)","(D)","(B)","(C)","A","(B)","C","(A)","A","(C)","(B)","D"
"","1010000104","20%","8","(E)","A","(D)","C","(C)","(E)","B","(E)","(B)","( )","(B)","(B)","( )","(B)","(A)","(D)","B","(D)","(D)","D","(D)","(B)","(D)","(C)","(B)","B","(A)","(B)","(D)","(D)","(B)","B","(D)","(C)","( )","(B)","(C)","(D)","(B)","D"
"","1010000108","22.5%","9","(C)","(E)","(C)","C","(B)","B","B","(B)","A","C","C","(C)","(A)","(B)","(A)","(D)","B","B","(D)","(B)","(D)","(B)","(D)","(C)","(B)","(D)","(A)","(B)","(A)","(D)","(B)","B","(D)","(C)","(A)","(B)","(C)","(A)","(A)","(E)"
"","1010000113","20%","8","B","A","(A)","C","(B)","(E)","B","(B)","(B)","(A)","(A)","D","(D)","(B)","(A)","(D)","B","(D)","(D)","(E)","(D)","(B)","(D)","(C)","(B)","B","(A)","(B)","(A)","(D)","(B)","(A)","(D)","(B)","(A)","(D)","(C)","B","(A)","(C)"
"","1010000223","37.5%","15","B","A","(A)","(E)","(B)","(C)","(A)","D","A","C","C","(A)","B","(B)","(D)","(D)","B","B","(C)","(A)","B","(C)","B","(D)","(B)","(D)","C","(B)","C","B","C","(A)","(B)","(B)","(A)","(D)","(B)","(A)","(B)","(B)"
"","1070000","22.5%","9","B","A","B","C","(B)","(A)","(E)","(C)","(B)","C","(A)","(B)","(A)","(B)","(A)","(D)","(A)","(D)","(D)","(C)","(D)","A","(D)","(C)","(B)","(D)","(A)","(B)","(D)","(D)","(B)","B","(D)","(C)","(A)","(B)","(C)","B","(A)","D"
"","1090000001","17.5%","7","(E)","A","(A)","C","(C)","(A)","(C)","(B)","(D)","(A)","(E)","D","(A)","(B)","(A)","(D)","(E)","(D)","(D)","(B)","(C)","A","(D)","(C)","(D)","B","(A)","(C)","(D)","(A)","(A)","B","(B)","(C)","C","(A)","(B)","(D)","(E)","(C)"
"","1090000002","25%","10","(A)","A","(A)","C","(C)","B","B","(C)","A","(A)","(A)","(B)","(A)","(B)","(A)","(D)","(C)","(A)","(D)","D","(D)","A","(D)","(C)","(B)","B","(A)","(B)","(B)","(C)","(B)","B","(B)","(C)","(A)","C","(C)","(C)","(A)","(A)"
"","1090000003","10%","4","(D)","A","(D)","(A)","A","B","(C)","(E)","(B)","(A)","(D)","(C)","(A)","(B)","(A)","(D)","(C)","(D)","(D)","(E)","(A)","A","(D)","(C)","(C)","(C)","(A)","(B)","(A)","(C)","(A)","(C)","(D)","(C)","(A)","(D)","(C)","(D)","(E)","(A)"
"","1090000004","22.5%","9","(D)","A","(D)","(A)","(B)","(A)","B","D","(D)","(E)","(A)","D","(A)","(B)","(A)","(D)","(C)","(A)","(D)","(E)","(D)","A","(D)","(C)","(D)","B","(A)","(B)","(A)","(A)","(A)","B","(D)","A","(A)","(A)","(C)","(C)","(A)","D"
"","1090000005","17.5%","7","(D)","A","(C)","C","(B)","(C)","(C)","(B)","(D)","(E)","(A)","D","(E)","A","(A)","(D)","(C)","(A)","(D)","(A)","(D)","(B)","(D)","(A)","(B)","(C)","(A)","(B)","(A)","(A)","C","(C)","A","(D)","(B)","C","(C)","(E)","(D)","(B)"
"","1090000006","25%","10","(D)","A","(C)","(A)","A","(A)","(D)","(B)","(D)","(A)","( )","(B)","(C)","(B)","(A)","(A)","B","(A)","(D)","(E)","(D)","(C)","(D)","(C)","(D)","(D)","(A)","(B)","C","B","C","B","(B)","A","C","(A)","A","(D)","(D)","(A)"
"","1090000007","30%","12","(E)","A","(A)","(A)","A","B","(C)","D","A","(A)","(B)","D","(E)","(B)","(A)","(D)","B","(A)","A","(E)","(D)","A","(D)","(C)","(D)","(D)","(A)","(B)","(D)","B","C","(C)","A","(C)","(A)","(A)","(B)","(D)","(B)","(C)"
"","1090000008","22.5%","9","(D)","A","(D)","(A)","(B)","(A)","(A)","D","A","C","(A)","(B)","(C)","(B)","(A)","(E)","(A)","(A)","(D)","D","(D)","A","(D)","(C)","(D)","(D)","(A)","(C)","(A)","(C)","(A)","(C)","(B)","(D)","C","C","(B)","(E)","(A)","D"
"","1090000009","35%","14","(C)","A","(D)","C","A","B","(C)","D","(B)","C","(D)","(B)","(A)","(B)","(A)","(D)","(E)","(D)","A","(E)","(D)","A","(D)","B","(B)","(D)","(B)","A","(B)","B","(A)","B","(B)","A","C","(A)","(B)","(D)","(E)","( )"
"","1090000010","22.5%","9","(A)","(D)","(C)","C","A","B","(C)","D","(D)","(A)","(E)","(A)","(A)","(B)","(A)","(D)","(A)","(A)","(D)","D","(D)","A","(D)","(C)","(D)","B","(A)","(B)","(D)","(A)","(D)","B","( )","(D)","C","(B)","(C)","(E)","(A)","(E)"
"","1090000011","25%","10","(D)","A","(A)","C","(B)","(D)","(A)","(C)","(B)","(A)","C","(A)","(D)","(B)","(D)","(A)","(E)","(C)","(B)","(A)","(D)","A","B","(C)","(A)","(A)","(A)","(D)","C","(C)","(B)","(D)","A","(D)","(B)","C","A","(C)","(B)","D"
"","1090000012","30%","12","(D)","A","(C)","C","(B)","B","(C)","D","A","C","C","D","(A)","(B)","(A)","(D)","B","(C)","(D)","D","(D)","A","(D)","(C)","(B)","(D)","(A)","(B)","(D)","(C)","(B)","(C)","(D)","(D)","C","(A)","(C)","(C)","(A)","(A)"
"","1090000013","32.5%","13","B","A","(C)","C","(B)","B","(C)","D","(D)","C","C","D","(C)","(B)","(A)","C","B","(A)","(D)","D","(D)","A","(D)","(C)","(B)","(D)","(A)","(B)","(D)","(D)","(B)","(A)","(D)","(C)","(A)","(A)","(C)","B","(A)","(A)"
"","1090000014","17.5%","7","(E)","A","(A)","(A)","A","B","(C)","D","A","(A)","(B)","D","(A)","(B)","(A)","(D)","(E)","(A)","(D)","(C)","(D)","A","(D)","(C)","(B)","(D)","(A)","(B)","(A)","(C)","(B)","(C)","(D)","(C)","(A)","(A)","(B)","(C)","(B)","(C)"
"","1090000015","30%","12","B","A","B","(A)","(D)","B","(A)","D","A","(A)","C","(C)","(C)","(B)","(A)","(D)","B","(A)","(D)","D","(D)","A","(D)","(C)","(D)","(D)","(A)","(B)","(D)","(A)","(B)","B","(B)","(C)","(A)","C","(C)","(E)","(A)","(E)"
"","1170000001","12.5%","5","(D)","A","(D)","C","(B)","(E)","(E)","(E)","(D)","(A)","C","(B)","(E)","(B)","(A)","(B)","(A)","(D)","(D)","(C)","(D)","(B)","(D)","(C)","(B)","(A)","(A)","(B)","(A)","(C)","(D)","B","A","(C)","(D)","(A)","(C)","(D)","(D)","(E)"
"","1170000002","20%","8","(D)","A","(D)","C","(C)","B","B","(E)","(D)","(A)","(B)","(B)","(A)","(B)","(A)","(B)","(D)","(A)","(D)","D","(D)","(D)","(D)","B","(D)","B","(A)","(B)","(A)","(D)","(D)","(C)","A","(B)","(B)","(A)","(C)","(E)","(D)","(A)"
"","1170000003","25%","10","B","A","(D)","(A)","A","(A)","(C)","D","(B)","(A)","(B)","(B)","(A)","(B)","(A)","(D)","(A)","(D)","(D)","(C)","(D)","A","(D)","(C)","(B)","B","(A)","(B)","(D)","B","(A)","(C)","A","A","(B)","C","(B)","(A)","(D)","(E)"
"","1170000004","25%","10","B","A","(D)","(A)","(B)","(A)","(C)","(B)","(D)","C","( )","D","(C)","(B)","(A)","(D)","(D)","(D)","A","(C)","(D)","( )","(D)","(C)","(D)","B","(A)","(B)","(A)","B","(B)","(C)","A","(C)","C","(D)","(D)","B","(D)","(B)"
"","1170000005","17.5%","7","(D)","A","(D)","C","(B)","(E)","(E)","D","(D)","C","(B)","(C)","(A)","(D)","(A)","(D)","(A)","(A)","(D)","(C)","(D)","(D)","(D)","(C)","(D)","(A)","(A)","(B)","(A)","B","(B)","B","(B)","(C)","C","(D)","(C)","(E)","(D)","(E)"
"","1170000006","47.5%","19","(C)","A","B","C","A","(C)","(C)","(B)","A","C","(B)","(B)","B","(B)","(D)","(B)","B","B","A","(C)","B","(C)","B","(C)","(B)","B","(B)","(D)","C","B","(A)","B","A","(B)","C","(B)","(C)","(D)","C","(A)"
"","1190000030","22.5%","9","(C)","A","(A)","C","A","(E)","(C)","(E)","(B)","(A)","(A)","(B)","(A)","(B)","(A)","(D)","B","(D)","(D)","D","(D)","(B)","(D)","(C)","(D)","(D)","(A)","(B)","C","(A)","(B)","B","(B)","(B)","(A)","(D)","(C)","B","C","(A)"
"","1190000031","25%","10","(C)","(C)","(C)","C","(B)","B","(C)","(C)","(D)","C","(B)","(B)","(A)","(B)","(A)","(D)","B","(D)","(D)","D","(D)","(B)","(D)","(C)","(B)","(D)","(A)","(B)","(A)","(A)","C","B","(C)","A","C","(A)","(D)","B","(A)","(A)"
"","1190000032","25%","10","(C)","A","(D)","C","A","B","(A)","(E)","(B)","C","(A)","(B)","(C)","(B)","(A)","(D)","B","(D)","(D)","D","(D)","(C)","(D)","(C)","(C)","(D)","(A)","(D)","(A)","B","(B)","(A)","(B)","A","(B)","(A)","A","(C)","(B)","(C)"
"","1190000033","25%","10","(C)","A","(A)","C","( )","B","(C)","(B)","(D)","(A)","(B)","(C)","B","(B)","C","(D)","B","(D)","(D)","D","(D)","(B)","(D)","B","(C)","(D)","(A)","(B)","C","(C)","(B)","B","(C)","(C)","(D)","(B)","(C)","(D)","(B)","(C)"
"","1190000034","27.5%","11","(D)","(C)","(C)","C","(D)","(A)","(C)","D","A","C","(B)","(B)","(C)","(B)","(A)","(D)","(A)","B","(D)","D","(D)","A","(D)","(C)","(B)","(D)","(A)","(B)","(D)","B","(A)","(C)","A","(C)","C","(D)","A","(E)","(A)","(C)"
"","1190000035","30%","12","(D)","(D)","(D)","C","(B)","B","(C)","D","(D)","C","(A)","(B)","(E)","(B)","(A)","(D)","(C)","(D)","(D)","D","(C)","(B)","(D)","B","(B)","(A)","(A)","(B)","C","B","(B)","B","(C)","A","C","(A)","(D)","B","(A)","(A)"
"","1190000036","22.5%","9","(C)","A","(D)","C","A","B","(D)","(E)","(B)","C","(A)","(B)","(C)","(B)","(A)","(D)","(C)","(D)","(D)","D","(D)","(B)","(D)","(C)","(C)","(D)","(A)","(D)","(A)","B","(B)","(A)","(B)","A","(B)","(A)","A","(C)","(B)","(C)"
"","1190000037","17.5%","7","(A)","(C)","(C)","(D)","(D)","B","(D)","D","(D)","C","(A)","(B)","(E)","(B)","(A)","(D)","(C)","(D)","(D)","D","(D)","(B)","(D)","(C)","(B)","(D)","(A)","(B)","C","(C)","(B)","B","(B)","(D)","(A)","C","(D)","(E)","(A)","(E)"
"","1190000038","22.5%","9","B","A","(D)","C","(D)","B","(D)","D","(D)","(E)","(D)","D","(A)","(B)","(A)","(D)","B","(D)","(D)","D","(D)","(C)","(D)","(C)","(B)","(D)","(A)","(B)","(D)","B","(A)","(D)","(B)","(C)","(A)","(A)","(B)","(C)","(B)","(E)"
"","1190000039","27.5%","11","(D)","A","(A)","C","(B)","B","(C)","D","(D)","C","(A)","(B)","(C)","(B)","(A)","(D)","B","(D)","(D)","D","(D)","(B)","(D)","(C)","(B)","(D)","(A)","(B)","C","B","(B)","(A)","(B)","(C)","(A)","C","(B)","(C)","(A)","D"
"","1190000040","20%","8","(E)","A","(A)","C","A","(E)","(C)","(E)","(B)","(A)","(A)","(B)","(A)","(B)","(A)","(A)","B","(D)","(D)","D","(D)","(B)","(D)","(C)","(D)","(D)","(A)","(B)","C","(A)","(B)","B","(B)","(B)","(B)","(A)","(C)","(E)","C","(A)"
"","1200000000","22.5%","9","(C)","A","(A)","C","(B)","B","(E)","(B)","A","(A)","(B)","(A)","(E)","(B)","(A)","(B)","(A)","(D)","(D)","(C)","(D)","A","(D)","B","(D)","B","(A)","(B)","(D)","(A)","(B)","B","A","(C)","(A)","(B)","(C)","(D)","(A)","(C)"
"","1200000002","25%","10","(C)","A","B","(A)","(B)","B","(C)","(C)","A","C","(A)","(B)","(A)","(B)","(A)","(D)","(A)","(D)","(D)","(C)","(C)","A","(D)","(C)","(D)","(D)","(A)","(B)","(A)","B","(B)","(A)","A","(C)","(D)","C","(B)","(D)","(B)","D"
"","1200000003","32.5%","13","(D)","A","(D)","C","A","B","(C)","(C)","A","(A)","(B)","D","(A)","A","(A)","(D)","(A)","(D)","(B)","(C)","B","A","(D)","(A)","(C)","(D)","(A)","(B)","(A)","(A)","(B)","(C)","A","(C)","C","(A)","A","B","(D)","(C)"
"","1200000004","22.5%","9","B","A","(A)","C","(B)","(A)","(C)","(C)","A","C","(E)","(B)","(A)","(B)","(A)","(D)","(A)","(D)","(D)","(C)","(D)","(B)","(D)","(C)","(B)","(D)","(A)","(B)","C","(D)","C","(A)","(D)","(C)","C","(B)","(C)","B","(D)","(E)"
"","1200000005","10%","4","(D)","(C)","(D)","(A)","(B)","(A)","(C)","D","(B)","(B)","(A)","(B)","(A)","(B)","(A)","(B)","(A)","(D)","(B)","(A)","(D)","(B)","B","(C)","(D)","(D)","(A)","(B)","(D)","(A)","(B)","(A)","(B)","(C)","(A)","C","(C)","B","(A)","(E)"
"","1200000006","22.5%","9","(C)","A","B","(E)","(C)","(E)","(C)","(A)","(B)","(E)","C","(B)","(A)","(B)","(A)","(D)","(A)","(D)","(D)","D","(D)","(B)","(D)","(C)","(D)","B","(A)","(D)","(A)","(C)","(A)","B","(C)","(C)","C","C","(C)","(C)","C","(C)"
"","1200000007","25%","10","(A)","A","(A)","(E)","(B)","(A)","(C)","(B)","(D)","(A)","(B)","D","B","(B)","(A)","(D)","(D)","(D)","(D)","D","(D)","A","(D)","(C)","(D)","(C)","(A)","(B)","C","B","(B)","B","A","(B)","(A)","(D)","A","(A)","(A)","(A)"
"","1200000008","20%","8","B","A","(D)","C","(C)","(A)","(A)","D","(D)","(A)","(B)","(A)","(A)","(B)","(A)","(D)","(A)","(D)","(D)","D","(D)","A","(D)","(C)","(B)","(D)","(A)","(B)","C","(D)","(B)","(A)","(B)","(C)","(D)","(A)","(B)","(C)","(A)","D"
"","1200000009","22.5%","9","(A)","A","B","(A)","(B)","(A)","(C)","D","(B)","C","(B)","(B)","(C)","(B)","(A)","(A)","B","(A)","(D)","(E)","(D)","(B)","(D)","(C)","(D)","(A)","(A)","(C)","(A)","(D)","(B)","B","A","(C)","(A)","C","(B)","B","(A)","(A)"
"","1200000010","22.5%","9","(A)","A","(D)","C","(C)","(E)","(A)","D","(D)","C","(B)","D","(A)","(B)","(A)","(D)","(A)","(A)","(D)","(A)","(D)","(B)","(D)","(C)","(B)","(A)","(A)","(B)","(D)","(C)","(A)","B","A","(D)","(A)","C","(C)","(E)","(B)","D"
"","1200000011","15%","6","(A)","A","(D)","C","(B)","(E)","(E)","(E)","(D)","(E)","(E)","(B)","(A)","(B)","(A)","(D)","(A)","(D)","(D)","(E)","(D)","(B)","(D)","(C)","(D)","B","(A)","(B)","(D)","B","(A)","(D)","(B)","(C)","(A)","C","(C)","B","(B)","(E)"
"","1200000012","35%","14","(E)","A","(C)","C","A","(A)","(A)","D","(D)","C","(A)","D","(A)","(B)","(A)","(D)","(A)","(A)","(D)","(C)","(D)","A","(D)","(C)","(D)","B","(A)","(B)","C","B","(A)","B","(B)","(C)","C","(D)","(B)","B","(A)","D"
"","1200000013","10%","4","(D)","A","(D)","(E)","(D)","(A)","(C)","(C)","(D)","(A)","(D)","D","(D)","(B)","(A)","(D)","(A)","(A)","(D)","(C)","(D)","A","(D)","(C)","(B)","(D)","(A)","(B)","(A)","(A)","(B)","(C)","(D)","(C)","(A)","(B)","(C)","B","(E)","(A)"
"","1200000014","22.5%","9","(D)","(D)","(C)","(A)","(B)","(E)","(C)","(C)","(B)","(A)","(A)","D","(C)","(B)","(A)","(B)","(A)","(A)","(D)","D","(D)","A","(D)","(C)","(D)","(D)","(A)","(B)","(D)","(D)","C","B","A","(C)","C","C","(C)","B","(D)","(E)"
"","1200000015","32.5%","13","(D)","(D)","B","(A)","A","B","(A)","D","A","(A)","C","D","(D)","(B)","(A)","C","B","(D)","(D)","(C)","(D)","(B)","(D)","(A)","(D)","(D)","(A)","(B)","C","(A)","(A)","B","(C)","A","C","(A)","(C)","(A)","(B)","( )"
"","1200000016","25%","10","(D)","A","(D)","C","(B)","B","(A)","D","A","(A)","(B)","(B)","(D)","(B)","(A)","C","(A)","(D)","(D)","(C)","(D)","A","B","(A)","(D)","B","(B)","(B)","(A)","(D)","(A)","B","(B)","(C)","(A)","(A)","(D)","(E)","(BE)","( )"
"","1200000017","17.5%","7","(D)","(C)","(D)","(A)","(D)","(A)","(A)","D","(D)","(A)","C","D","(A)","(B)","(A)","(D)","(A)","(A)","(D)","(C)","(D)","A","(D)","(C)","(D)","(D)","(A)","(B)","C","(A)","(A)","B","( )","(C)","(A)","(A)","(C)","B","(A)","(E)"
"","1200000018","22.5%","9","(A)","A","B","(A)","A","B","(D)","(B)","(B)","(A)","C","(B)","B","A","(D)","(D)","(A)","(A)","(D)","(B)","(D)","A","(D)","(A)","(B)","(D)","(A)","(D)","(D)","B","(A)","(D)","(B)","(C)","(A)","(A)","( )","( )","( )","( )"
"","1200000019","17.5%","7","(D)","A","(D)","C","(E)","(A)","(C)","(E)","A","(E)","(B)","D","(A)","(B)","(A)","(B)","(A)","(D)","(D)","(B)","(D)","(B)","(D)","(C)","(D)","(D)","(A)","(D)","(A)","(C)","(A)","(C)","(B)","(C)","(A)","C","(D)","B","C","(E)"
"","1200000020","12.5%","5","(D)","(C)","(C)","C","(D)","(A)","B","(B)","(D)","(A)","(A)","D","(D)","(C)","(A)","(D)","(A)","(A)","(D)","(B)","(D)","(B)","(D)","(C)","(D)","(D)","(A)","(B)","(A)","(C)","(A)","B","(B)","(D)","(B)","(D)","(B)","B","(B)","(C)"
"","1200000021","30%","12","(D)","A","B","(B)","(C)","(E)","(C)","D","(D)","C","(A)","D","(C)","A","(A)","(B)","(A)","(A)","(D)","D","(D)","A","(D)","(C)","(B)","B","(A)","(B)","(A)","(C)","(B)","(C)","A","(B)","(A)","(A)","(E)","B","C","(A)"
"","1300000008","27.5%","11","(D)","(C)","(C)","C","(B)","B","(D)","(C)","(D)","C","(D)","D","B","(B)","(A)","(D)","B","(A)","(D)","(E)","(D)","(B)","(D)","(C)","(C)","B","(A)","(D)","C","(C)","C","B","(B)","(C)","(A)","(A)","(C)","(D)","C","(A)"
"","1300000009","27.5%","11","(D)","(C)","(C)","(A)","(B)","(C)","(A)","D","(D)","C","(E)","D","(A)","(B)","C","(A)","B","(D)","(D)","(E)","(D)","(B)","(D)","B","(D)","B","C","(B)","C","(C)","(B)","(C)","(D)","(C)","(B)","(A)","A","(D)","C","(E)"
"","1300000010","17.5%","7","(E)","A","(D)","C","(C)","B","(C)","(E)","A","C","(B)","(B)","(A)","(B)","(A)","(D)","(E)","(A)","(D)","(E)","(D)","(C)","(D)","(C)","(D)","B","(B)","(B)","(B)","(C)","(B)","(C)","(B)","(C)","(A)","(D)","(D)","B","(A)","(A)"
"","1300000011","22.5%","9","(A)","A","(A)","C","(B)","(E)","(C)","(E)","(B)","C","(E)","(B)","(A)","(B)","(A)","(D)","B","(D)","(D)","D","(D)","(C)","(D)","(C)","(D)","(D)","(B)","(B)","(A)","B","(B)","B","A","(C)","(D)","(A)","(C)","B","(A)","(C)"
"","1300000013","25%","10","B","A","(C)","C","(B)","B","(C)","D","(D)","(A)","(B)","(B)","(E)","(B)","(A)","(E)","(A)","(A)","(D)","D","(D)","(B)","(D)","B","(D)","B","(A)","(B)","( )","(A)","(B)","(C)","A","( )","(D)","C","(E)","(A)","(B)","(E)"
"","1300000014","22.5%","9","(D)","A","(D)","C","(B)","(A)","(C)","D","(B)","(A)","(B)","D","(A)","(B)","(A)","(D)","B","(A)","(D)","D","(D)","(C)","(D)","(C)","(D)","(D)","(A)","(B)","(A)","(A)","(B)","B","A","(C)","(A)","C","(C)","(D)","(D)","(C)"
"","1300000015","20%","8","(D)","A","(D)","C","(B)","(E)","(C)","D","A","(E)","(D)","(B)","B","(B)","(A)","C","(C)","(A)","(D)","(E)","(D)","(B)","(D)","(C)","(B)","(D)","(B)","(B)","(D)","(C)","(A)","(A)","(B)","A","(A)","C","(B)","(D)","(A)","(B)"
"","1300000017","17.5%","7","(A)","(B)","B","(D)","(C)","(E)","(C)","(E)","(D)","(A)","(E)","(B)","(C)","(B)","(A)","(B)","B","(A)","(D)","(C)","(D)","(B)","(D)","(C)","(D)","(D)","(B)","(B)","C","B","(A)","(C)","(D)","(D)","(B)","C","(E)","B","C","(A)"
"","1300000018","22.5%","9","(E)","A","B","C","(D)","(E)","(A)","(A)","A","C","(E)","D","(A)","(B)","(A)","(D)","(E)","(D)","(D)","(E)","(D)","A","(D)","(C)","(B)","(C)","(B)","(B)","(A)","(A)","(A)","(A)","A","(B)","(B)","C","(E)","(C)","(E)","(E)"
"","1300000999","25%","10","(D)","(C)","B","C","A","B","(A)","(B)","( )","(A)","C","(B)","(C)","(D)","(A)","(D)","(E)","(D)","(D)","(B)","(D)","(B)","(C)","(C)","(A)","B","(B)","(B)","C","(C)","C","B","(C)","(D)","C","(D)","(B)","(D)","(A)","(B)"
"","1330000008","17.5%","7","(C)","A","(A)","C","A","(E)","(C)","D","(B)","(A)","(B)","(C)","(C)","(B)","(A)","(D)","(A)","(D)","(D)","(A)","(D)","(B)","(D)","(C)","(D)","(D)","(A)","(B)","(D)","B","(B)","B","(D)","(C)","(A)","(D)","(C)","(E)","C","(A)"
"","1330000009","25%","10","(A)","A","B","C","(B)","(A)","(C)","(C)","(D)","(A)","C","(B)","B","(B)","(A)","(D)","(A)","(A)","(D)","D","(D)","(B)","(D)","(C)","(D)","(D)","(A)","(B)","C","B","(B)","B","(D)","(C)","(A)","(D)","(C)","B","(A)","(C)"
"","1340000061","15%","6","(A)","A","B","C","(D)","B","(E)","(B)","(B)","C","(A)","(B)","(A)","(B)","(D)","(D)","(A)","(D)","(D)","(B)","(D)","(B)","(D)","(C)","(D)","(D)","(A)","(B)","(D)","(D)","(B)","(A)","(B)","(C)","(A)","(B)","A","(D)","(A)","(C)"
"","1340000062","10%","4","(A)","A","B","(B)","(B)","(E)","(E)","(B)","A","C","(B)","(A)","(A)","(B)","(A)","(D)","(A)","(D)","(D)","(C)","(D)","(B)","(D)","(C)","(B)","(D)","(A)","(B)","(D)","(D)","(B)","(A)","(D)","(C)","(B)","(B)","(C)","(A)","(A)","(E)"
"","1340000063","10%","4","(A)","A","(D)","(A)","(C)","(E)","(C)","(B)","(D)","(E)","(B)","(B)","B","(B)","(A)","C","(A)","(D)","(D)","D","(D)","(B)","(D)","(C)","(D)","(D)","(A)","(B)","(D)","(D)","(B)","(A)","(D)","(C)","(A)","(D)","(B)","(D)","(A)","(C)"
"","1340000064","20%","8","(C)","(C)","(A)","C","(B)","(A)","(C)","(A)","A","C","C","(A)","(C)","(B)","(A)","(D)","(A)","(D)","(D)","(B)","B","(D)","(D)","(C)","(B)","(D)","(A)","(B)","(A)","B","C","B","(B)","(C)","(D)","(A)","(B)","(D)","(B)","(A)"
"","1340000066","25%","10","(A)","A","B","C","(B)","B","(C)","D","(D)","C","(A)","(B)","(A)","(B)","(A)","(D)","(A)","(D)","(D)","D","(D)","A","(D)","(C)","(D)","(D)","(A)","(B)","(A)","(D)","(B)","(A)","(B)","A","(A)","(B)","(B)","B","(D)","(E)"
"","1340000067","17.5%","7","(A)","A","B","C","(B)","(A)","(C)","(C)","(D)","C","(A)","D","B","(B)","(D)","(D)","(A)","(D)","(D)","(C)","(D)","(B)","(D)","(C)","(B)","(D)","(A)","(B)","(D)","(D)","(B)","B","(D)","(C)","(A)","(B)","(C)","(C)","(A)","(C)"
"","1340000068","15%","6","(C)","A","B","C","(C)","(A)","(E)","(E)","A","C","(B)","(B)","(A)","(B)","(A)","(D)","(A)","(D)","(D)","(A)","(D)","A","(D)","(C)","(D)","(D)","(A)","(B)","(D)","(D)","(B)","(D)","(D)","(C)","(A)","(B)","(C)","(A)","(A)","(C)"
"","1340000074","7.5%","3","(C)","A","(C)","(B)","(C)","(E)","(C)","(B)","(D)","(E)","(E)","(C)","(A)","(B)","(A)","(D)","(A)","(D)","(D)","(B)","(D)","(B)","(D)","(C)","(B)","(D)","(A)","(B)","(A)","(A)","(B)","(A)","(D)","(C)","(A)","C","(C)","B","(B)","(E)"
"","1340000076","30%","12","(D)","A","B","(A)","(D)","B","(A)","(C)","(D)","C","(B)","D","(D)","(B)","(A)","C","(A)","(A)","(D)","D","(D)","A","(D)","(C)","(D)","B","(A)","(B)","C","B","(A)","(A)","(B)","(C)","(A)","(B)","(B)","(D)","C","(A)"
"","1340000077","12.5%","5","(A)","A","(A)","(B)","(B)","(A)","(E)","(C)","(B)","C","(B)","(B)","(A)","(B)","(A)","(D)","(D)","(C)","(D)","(A)","(D)","(B)","(D)","(C)","(D)","(A)","(A)","(B)","(D)","B","(B)","(A)","(B)","(C)","(A)","(D)","A","B","(B)","(E)"
"","1340000078","17.5%","7","(D)","(B)","B","(A)","(C)","(A)","(A)","(C)","(D)","(A)","(B)","(A)","(D)","A","(A)","(D)","(A)","(D)","(D)","(B)","B","(B)","(C)","B","(B)","(A)","(A)","(B)","(A)","(A)","C","B","A","(C)","(A)","(B)","(C)","(D)","(A)","(A)"
"","1340000080","17.5%","7","(D)","A","(D)","(A)","(B)","(A)","(A)","(B)","(D)","C","(B)","D","B","(B)","(A)","(D)","(A)","(D)","(D)","(C)","(D)","(B)","(D)","(C)","(D)","(A)","(A)","(B)","C","(D)","(B)","B","(B)","(C)","(A)","C","(B)","(A)","(D)","(E)"
"","1340000081","35%","14","(C)","A","B","(A)","(B)","B","(C)","D","(D)","C","C","D","B","A","(A)","(D)","(A)","(D)","(D)","D","B","(B)","(D)","(C)","(D)","(D)","(A)","(B)","C","(D)","(B)","B","(C)","(C)","(B)","(D)","(B)","(C)","(A)","D"
"","1340000082","25%","10","(A)","(C)","B","C","(B)","B","(C)","(B)","(C)","C","(A)","(B)","B","A","(A)","(B)","(D)","(A)","(D)","D","(D)","A","(D)","(C)","(D)","(A)","(A)","(B)","(D)","(A)","(B)","(C)","A","(C)","(A)","(B)","(C)","(D)","(B)","D"
"","1340000084","27.5%","11","(D)","A","B","(A)","(D)","(A)","(C)","(B)","(C)","(B)","(B)","D","(D)","(B)","(A)","(D)","(A)","(D)","(B)","D","(D)","(B)","(D)","(A)","(B)","(D)","(A)","(B)","C","B","(A)","(A)","A","(C)","(A)","(B)","A","B","C","D"
"","1340000086","17.5%","7","(A)","A","B","C","(B)","(A)","(E)","(A)","A","(A)","(A)","(C)","(C)","(B)","(A)","(D)","(A)","(D)","(D)","D","(D)","(B)","(D)","(C)","(C)","(D)","(A)","(B)","(D)","(D)","(B)","B","(D)","(C)","(A)","(B)","(C)","B","(D)","(C)"
"","1340000088","25%","10","(D)","(C)","(C)","C","(B)","B","B","(E)","(B)","C","C","(A)","(C)","(B)","(A)","(D)","(D)","(A)","(D)","(B)","(D)","(B)","(D)","(A)","(B)","(A)","(A)","(B)","C","(A)","C","B","(C)","(C)","C","(B)","(AD)","(C)","C","( )"
"","1340000089","20%","8","(D)","A","B","C","(B)","(E)","(C)","(A)","(B)","C","(E)","(B)","(A)","(B)","(A)","(D)","(A)","(D)","A","D","(D)","(B)","(D)","(C)","(D)","B","(A)","(B)","(D)","(D)","(B)","(A)","(D)","(C)","(A)","(D)","(B)","(C)","(B)","D"
"","1340000090","30%","12","(E)","A","B","C","(C)","B","(C)","(C)","(D)","C","(E)","(B)","B","(B)","(A)","(D)","(A)","B","(B)","D","(C)","(B)","B","(C)","(D)","(D)","(A)","(B)","(A)","(D)","(B)","(C)","(B)","(B)","C","(B)","A","(C)","(A)","D"
"","1340000091","37.5%","15","(A)","A","B","(A)","(C)","(C)","B","(B)","A","C","(B)","D","(C)","A","(A)","C","B","(D)","(D)","D","(D)","(B)","(D)","(C)","(C)","(A)","(A)","(B)","(A)","B","(A)","(C)","A","(C)","(B)","(B)","(D)","B","C","D"
"","1340000094","15%","6","(E)","(C)","B","C","(B)","(A)","(C)","(E)","A","C","(B)","(B)","(A)","(B)","(A)","(D)","(D)","(A)","(D)","D","(D)","(B)","(D)","(C)","(D)","(D)","(A)","(B)","C","(D)","(B)","(C)","(D)","(C)","(A)","(B)","(B)","(E)","(D)","(C)"
"","1350000001","20%","8","(A)","(D)","(D)","C","A","(A)","(C)","D","A","C","(B)","D","(A)","(B)","(A)","(D)","(A)","(D)","(D)","(C)","(D)","(B)","(D)","(C)","(D)","(D)","(A)","(B)","(D)","(C)","(B)","B","(B)","(C)","(A)","C","(C)","(A)","(A)","(A)"
"","1350000002","25%","10","B","A","B","C","(B)","(A)","(A)","(A)","A","(A)","(A)","(B)","(A)","A","C","(B)","( )","(D)","(D)","D","B","(C)","(D)","(C)","(B)","(D)","(D)","(B)","(A)","(A)","(B)","(C)","A","(C)","(D)","(A)","( )","( )","( )","( )"
"","1350000003","30%","12","(C)","A","(D)","(D)","A","B","(C)","(B)","(D)","(B)","C","(A)","B","(D)","C","C","B","(A)","(D)","(A)","(D)","(C)","(C)","B","(D)","(C)","(A)","(B)","(A)","(D)","(A)","(C)","(D)","A","(A)","(D)","A","(C)","(A)","D"
"","1350000004","17.5%","7","(A)","A","(C)","C","(E)","(A)","(A)","(E)","A","(B)","(B)","(B)","(A)","(B)","(A)","(D)","(A)","(A)","(D)","(A)","(D)","(C)","(D)","B","(B)","(D)","(A)","(B)","C","(A)","(A)","(A)","(B)","(C)","C","(A)","(E)","B","(D)","(C)"
"","1350000005","30%","12","(C)","A","B","C","A","(A)","(C)","D","A","C","(A)","(C)","(D)","(B)","(A)","(B)","(A)","(A)","(C)","D","B","(E)","(C)","(D)","(A)","(D)","(A)","(B)","C","(C)","(A)","B","(C)","(B)","(D)","(A)","(C)","B","(D)","(A)"
"","1350000006","17.5%","7","B","A","(D)","(B)","(C)","(A)","(C)","D","(D)","C","(D)","(B)","(A)","(B)","(A)","(D)","(A)","(A)","(D)","(C)","(D)","(B)","(D)","(C)","(B)","(D)","(A)","(B)","(D)","(C)","(B)","B","(B)","(C)","(A)","(D)","(C)","B","C","(C)"
"","1350000007","27.5%","11","(D)","A","(D)","C","(B)","(E)","(C)","D","A","(A)","(E)","(B)","(A)","(C)","(A)","(B)","B","(D)","(D)","(B)","(D)","(B)","(D)","(C)","(D)","(C)","(B)","(B)","C","(C)","(B)","B","A","(C)","C","(D)","(E)","B","C","(A)"
"","1350000008","15%","6","(E)","A","B","C","(B)","(A)","(E)","(E)","A","(E)","(B)","(B)","(A)","(B)","(A)","(B)","(A)","(D)","(D)","(C)","(C)","(B)","(D)","(C)","(D)","(D)","(A)","(B)","(B)","(D)","(B)","B","A","(C)","(A)","(A)","(C)","(D)","(E)","(A)"
"","1350000009","20%","8","(D)","A","(D)","(A)","(E)","(E)","(D)","(C)","(D)","(A)","(B)","D","(A)","(D)","(A)","(D)","(A)","(D)","(D)","(C)","(D)","(B)","(D)","(C)","(B)","B","(A)","(B)","C","(A)","(B)","B","(B)","(C)","C","C","(C)","(D)","(A)","D"
"","1350000010","15%","6","(E)","A","(D)","C","(B)","(A)","(E)","D","(B)","(E)","(B)","(B)","(A)","(B)","(A)","(D)","(A)","(D)","(D)","(C)","(D)","(B)","(D)","(C)","(D)","(D)","(A)","(B)","(B)","(D)","(B)","B","(C)","A","(A)","(D)","(D)","B","(B)","(A)"
"","1350000011","15%","6","(C)","(C)","(D)","(A)","(B)","B","(C)","D","(D)","C","(A)","(B)","(A)","(B)","(A)","(D)","(A)","(D)","(D)","D","(C)","(B)","(A)","B","(D)","(A)","(A)","(B)","(D)","(A)","(B)","(A)","(B)","(C)","C","(A)","(B)","(D)","(E)","(C)"
"","1350000012","17.5%","7","(D)","A","(D)","C","(B)","B","(A)","(C)","(E)","(D)","(B)","(C)","(C)","(B)","(A)","(A)","(E)","(C)","(D)","D","(C)","(D)","(D)","(C)","(B)","(C)","(A)","(B)","(D)","(A)","(A)","B","(E)","A","(A)","(B)","(C)","(A)","(B)","D"
"","1350000013","12.5%","5","(E)","A","(D)","C","(B)","(A)","(C)","(C)","(D)","C","(E)","D","(A)","(B)","(A)","(D)","(A)","(A)","(D)","(C)","(D)","(B)","(D)","(C)","(D)","(D)","(A)","(B)","(D)","(D)","(B)","B","(B)","(B)","(A)","(B)","(C)","(A)","(A)","(C)"
"","1370000001","20%","8","(C)","A","(A)","C","(C)","(A)","(C)","(C)","(D)","(A)","(E)","D","(A)","(B)","(A)","(D)","B","(D)","(D)","D","(D)","(B)","(D)","(C)","(D)","(BD)","(A)","(B)","(A)","(A)","(B)","(A)","(B)","(C)","C","C","(C)","B","(D)","(E)"
"","1370000002","20%","8","(C)","(C)","(D)","(A)","(D)","(E)","( )","(C)","(D)","C","(A)","(B)","(D)","(B)","(A)","(D)","(E)","(C)","(D)","(C)","B","(C)","(A)","B","(D)","B","C","(B)","(A)","(A)","C","B","(D)","A","(D)","(B)","(D)","(C)","(B)","(A)"
"","1380000","12.5%","5","(D)","A","(D)","C","(B)","(E)","(C)","D","(B)","(A)","(A)","D","(A)","(B)","(A)","(D)","(A)","(D)","(D)","(A)","(D)","(B)","(A)","(C)","(D)","B","(A)","(B)","(D)","(C)","(B)","(A)","(C)","(D)","(A)","(B)","(B)","(D)","(E)","(E)"
"","1400000","10%","4","( )","A","(D)","C","( )","( )","( )","( )","( )","C","( )","( )","( )","( )","( )","( )","(A)","(D)","( )","( )","( )","( )","( )","( )","( )","( )","( )","( )","( )","( )","( )","( )","( )","( )","( )","(A)","A","(D)","( )","( )"
"","1400000001","32.5%","13","(E)","A","(A)","C","(D)","B","( )","D","A","(A)","C","(B)","(A)","(B)","(A)","(D)","B","(C)","A","(B)","B","(C)","(C)","(C)","(D)","(D)","(B)","(B)","(B)","(C)","C","B","A","(C)","(A)","(A)","(D)","(E)","C","(C)"
"","1400000002","27.5%","11","(E)","A","(D)","C","A","(A)","(A)","(B)","A","C","(A)","(B)","(C)","(B)","(A)","(D)","B","B","(D)","(A)","(D)","(C)","(D)","(C)","(D)","(A)","(B)","(B)","C","(A)","(A)","B","A","(C)","C","(D)","(B)","(A)","(B)","(B)"
"","1400000003","25%","10","(E)","A","(D)","C","A","(A)","(A)","(E)","A","C","(A)","(B)","(A)","( )","(A)","(B)","(A)","(D)","(D)","(C)","(D)","A","(D)","(C)","(D)","(D)","(B)","(B)","C","B","(B)","(A)","(B)","(C)","C","(A)","A","(D)","(B)","(E)"
"","1400000004","25%","10","(E)","A","(D)","C","A","(A)","(A)","(E)","A","C","(A)","(B)","(A)","(B)","(A)","(B)","(A)","(D)","(D)","(C)","(D)","A","(D)","(C)","(D)","(D)","(B)","(B)","C","B","(B)","(A)","(B)","(C)","C","(A)","A","(D)","(B)","(E)"
"","1400000005","20%","8","(E)","A","(C)","(A)","A","(E)","(C)","(E)","(D)","C","(B)","(B)","(C)","(B)","(A)","(B)","(A)","(D)","(D)","(A)","(D)","A","(D)","(C)","(D)","(D)","(B)","(B)","C","B","(B)","(A)","(B)","(C)","C","(A)","A","(D)","(B)","(E)"
"","1400000006","17.5%","7","(E)","A","(C)","(A)","A","(E)","(C)","(B)","(D)","C","(B)","(C)","(D)","(B)","(A)","(B)","(A)","(D)","(D)","(A)","(D)","(B)","(D)","(A)","(B)","(D)","(B)","(B)","C","B","(A)","B","(B)","(C)","C","(A)","(B)","(D)","(B)","(E)"
"","1400000007","12.5%","5","(D)","A","(D)","C","(C)","(A)","(E)","(C)","(D)","(A)","(E)","(B)","(A)","(B)","(A)","(D)","(A)","(D)","(D)","D","(D)","(B)","(D)","(C)","(D)","(D)","(B)","(B)","C","B","(B)","(C)","(D)","(D)","(A)","(B)","(B)","(D)","(E)","(C)"
"","1400000008","35%","14","(E)","A","(D)","C","A","(A)","B","D","A","(B)","C","(B)","(A)","(C)","(A)","(D)","B","(A)","(D)","D","(D)","(B)","(D)","(C)","(B)","(D)","(A)","(B)","(A)","B","(A)","(C)","A","(C)","(B)","C","(B)","(A)","C","D"
"","1400000009","22.5%","9","(A)","A","B","C","(B)","(A)","B","(B)","(B)","(B)","(A)","D","(A)","A","(A)","(B)","(A)","(A)","(D)","(C)","(D)","(B)","(A)","(C)","(D)","(A)","(B)","(B)","(D)","B","C","(A)","(B)","(C)","(A)","(A)","(C)","B","(E)","(B)"
"","140000001","5%","2","B","(C)","( )","( )","(B)","( )","( )","( )","( )","( )","( )","( )","( )","(C)","( )","(D)","( )","( )","( )","(C)","( )","( )","(A)","(D)","(D)","B","( )","( )","( )","( )","( )","( )","( )","(B)","(A)","(D)","(C)","( )","( )","( )"
"","1400000011","15%","6","(E)","A","( )","(D)","A","B","(D)","(A)","( )","C","( )","( )","(A)","( )","( )","( )","( )","(A)","(E)","( )","( )","( )","(C)","(D)","( )","B","(B)","( )","(A)","( )","( )","( )","( )","( )","( )","( )","(B)","B","(A)","(C)"
"","1400000012","22.5%","9","(E)","A","(D)","C","A","(A)","(A)","(E)","A","C","(A)","(B)","(A)","(B)","( )","(D)","B","B","(D)","(A)","(D)","(D)","(D)","(C)","(D)","(D)","( )","(B)","C","( )","C","( )","( )","( )","( )","( )","( )","( )","( )","( )"
"","1400000013","25%","10","(D)","A","(A)","(A)","(B)","(A)","(C)","D","(B)","C","(A)","D","(A)","(B)","(A)","(D)","B","(D)","(D)","(C)","(D)","A","(D)","(C)","(D)","(D)","(B)","(B)","C","B","(A)","B","(D)","(C)","(A)","C","(E)","(D)","(A)","(E)"
"","1400000014","27.5%","11","(D)","A","(A)","C","(C)","B","(D)","(E)","(D)","C","(A)","(B)","B","(B)","(A)","C","B","(D)","(B)","(C)","(D)","(D)","(D)","(C)","(B)","(D)","(A)","(C)","C","(C)","(A)","(A)","(B)","(D)","C","(D)","A","(D)","C","(C)"
"","1400000015","35%","14","(E)","A","(C)","(B)","A","(A)","B","D","A","(B)","C","(B)","(A)","(B)","(A)","(D)","(C)","(D)","(B)","(A)","(D)","A","(D)","(A)","(B)","(C)","(B)","A","C","(C)","C","(D)","(B)","A","C","(B)","(C)","B","(A)","D"
"","1400000016","7.5%","3","(E)","A","( )","( )","( )","( )","( )","(E)","A","( )","( )","( )","( )","( )","( )","(B)","(A)","( )","( )","( )","( )","( )","( )","( )","( )","(D)","( )","( )","( )","( )","( )","( )","( )","( )","C","( )","( )","(D)","( )","(E)"
"","1400000017","27.5%","11","(E)","A","(D)","C","A","(A)","(C)","(E)","(B)","C","(A)","D","(A)","(B)","(A)","(B)","(A)","(D)","(D)","(C)","(D)","A","(D)","(C)","(D)","B","(A)","(B)","C","B","(B)","(A)","(B)","(B)","C","(A)","A","(D)","(B)","(E)"
"","1400000018","7.5%","3","(A)","A","(A)","(A)","A","(A)","(A)","(A)","(B)","(B)","(B)","(B)","B","(B)","(B)","(B)","(C)","( )","(C)","(C)","(C)","(C)","(C)","(C)","(D)","(D)","(D)","(D)","(D)","(D)","(D)","(D)","(E)","(E)","(E)","(E)","(E)","(E)","(E)","(E)"
"","1400000019","27.5%","11","(E)","A","(C)","(B)","A","(A)","B","D","A","(B)","C","(B)","(A)","(B)","(A)","(D)","(C)","(D)","(B)","(A)","(D)","A","(D)","(A)","(B)","(C)","(A)","(B)","C","B","(D)","(D)","(B)","(D)","C","(B)","(B)","(C)","(A)","D"
