"Student Name","Student ID","Grade","Mark (out of 25)","Q1","Q2","Q3","Q4","Q5","Q6","Q7","Q8","Q9","Q10","Q11","Q12","Q13","Q14","Q15","Q16","Q17","Q18","Q19","Q20","Q21","Q22","Q23","Q24","Q25"
"Key and average","","47.62%","11.9","B","C","B","B","BC","B","D","B","AD","A","D","C","D","A","B","A","A","B","A","B","B","A","D","D","C"
"Weight","","","25","1","1","1","1","1","1","1","1","1","1","1","1","1","1","1","1","1","1","1","1","1","1","1","1","1"
"Common Answer","","","","E/D","C","B","B","BC","B","D","B","A","A","D","B","D","A","B","A","A","B","A","B","B","A","D","D","C"
"Correct Students (out of 454)","","","","103","162","270","149","246","288","339","142","73","249","212","89","233","185","146","207","185","259","263","290","284","168","286","285","292"
"","0020000001","24%","6","(C)","C","(D)","(C)","(B)","(A)","(C)","(C)","(B)","A","(C)","(B)","(A)","(B)","(A)","(D)","A","(D)","(D)","B","(D)","A","D","(C)","(D)"
"","0020000002","16%","4","B","(A)","B","(D)","(B)","(A)","(C)","(C)","(D)","(E)","(B)","(D)","(A)","(B)","(A)","(D)","A","(D)","(D)","(C)","(D)","(B)","D","(A)","(D)"
"","0020000003","20%","5","B","(A)","B","(C)","(B)","(A)","(B)","(C)","(B)","(C)","(A)","(B)","(A)","(B)","(A)","(D)","A","(D)","(B)","(A)","(C)","(C)","D","(C)","C"
"","0020000004","24%","6","B","(A)","B","(C)","(B)","(A)","(B)","B","(C)","(C)","(B)","(B)","( )","(B)","(A)","(C)","A","B","(B)","(C)","(D)","A","(C)","(C)","(B)"
"","0020000005","24%","6","B","(A)","B","(A)","(B)","(A)","(B)","(C)","(B)","(C)","(A)","C","(A)","(B)","(A)","(D)","A","(D)","(D)","(C)","(D)","A","D","(C)","(B)"
"","0020000006","20%","5","B","(A)","B","(C)","(B)","(A)","(C)","(C)","(B)","(C)","(A)","(D)","(A)","(B)","(A)","(D)","A","(D)","(D)","(C)","(D)","A","D","(C)","(B)"
"","0020000007","36%","9","B","(A)","B","(C)","(B)","(A)","(A)","B","(A)","(C)","(A)","(B)","(A)","A","(A)","(D)","A","(D)","(D)","B","B","(B)","D","D","(B)"
"","0020000008","20%","5","B","(A)","B","(E)","(B)","(A)","(E)","(C)","(B)","(C)","(A)","(B)","(A)","(B)","(A)","(E)","A","(D)","(D)","(C)","(D)","A","D","(C)","(B)"
"","0020000009","28%","7","B","(A)","B","(C)","(B)","(A)","(A)","B","(B)","(C)","(A)","(B)","D","(B)","(A)","(D)","A","(A)","(D)","(D)","(D)","A","D","(C)","(B)"
"","0020000023","20%","5","B","(A)","B","(C)","(B)","(A)","(C)","(C)","(B)","(C)","(A)","(B)","(A)","(B)","(A)","(D)","A","(D)","(D)","(C)","(D)","A","D","(C)","(D)"
"","0140000017","44%","11","(E)","(B)","(C)","B","BC","B","D","(A)","(C)","A","(A)","(B)","(B)","A","(A)","(B)","(D)","(C)","(C)","B","B","(B)","D","D","C"
"","0140000018","44%","11","(C)","(B)","(A)","(A)","(B)","B","(C)","(D)","(D)","A","D","(D)","(C)","(C)","(D)","A","(D)","B","A","B","B","(C)","D","D","C"
"","0140000019","44%","11","(E)","(D)","(A)","(D)","(CD)","B","D","B","(A)","A","(C)","(D)","(A)","A","(C)","(B)","(B)","(C)","A","B","B","(B)","D","D","C"
"","0140000020","44%","11","(E)","(D)","B","B","BC","(C)","D","(D)","AD","A","D","(D)","(A)","(D)","(D)","A","(B)","(D)","(C)","(A)","(A)","(D)","D","D","C"
"","01400001","52%","13","(E)","C","B","(D)","BC","B","D","(A)","(A)","(B)","(A)","C","(A)","(C)","B","A","A","B","(C)","B","B","(B)","D","(B)","(D)"
"","0250000","48%","12","(D)","(B)","B","(A)","BC","B","D","(D)","(AC)","(B)","D","(B)","D","(C)","B","(B)","A","B","(C)","B","B","( )","D","(A)","( )"
"","0250000304","44%","11","(ADE)","C","(C)","(D)","(CD)","B","D","B","(A)","A","(A)","(A)","(C)","(B)","(D)","A","(B)","B","A","(A)","(C)","(B)","D","D","C"
"","0250000401","52%","13","B","(D)","B","(A)","(D)","B","D","(D)","(A)","A","D","(B)","D","A","(A)","A","(D)","B","A","B","(D)","A","(A)","(A)","(A)"
"","0250000402","48%","12","B","(A)","(C)","B","BC","B","D","(C)","(A)","A","D","(B)","(A)","(C)","(C)","(B)","(C)","B","(D)","B","B","(C)","D","D","(B)"
"","0250000404","52%","13","(E)","C","B","B","(B)","B","(C)","B","AD","A","D","(B)","(C)","A","B","(B)","(C)","(C)","A","(A)","B","(B)","D","(B)","(A)"
"","0250000405","48%","12","(C)","(A)","(C)","(C)","(AC)","B","D","B","AD","A","D","(B)","D","(B)","(C)","A","A","(C)","(C)","(D)","B","(B)","(A)","D","C"
"","0250000406","56%","14","(BDE)","C","(C)","(D)","BC","B","D","(C)","(A)","(B)","(A)","(B)","(A)","A","B","(B)","A","B","A","B","B","(C)","D","D","C"
"","0250000407","56%","14","B","C","(C)","(D)","(A)","B","(C)","(D)","(A)","A","D","C","(C)","A","(C)","A","A","B","A","B","(A)","(C)","(B)","D","C"
"","0250000408","28%","7","B","(A)","(C)","B","(BD)","B","D","(C)","(ACD)","A","(A)","(B)","(C)","(B)","(C)","(B)","(D)","(D)","(C)","(A)","B","(C)","D","(CD)","(BD)"
"","0250000409","56%","14","B","(B)","B","(C)","(BD)","B","D","B","(CD)","A","(A)","(B)","D","A","(C)","A","(D)","B","A","B","(A)","(D)","(B)","D","C"
"","0250000410","68%","17","(BDE)","C","B","B","BC","B","D","(C)","(ABD)","A","D","(A)","(A)","A","(C)","(B)","(B)","B","A","B","B","A","D","D","C"
"","0250000411","32%","8","(E)","C","B","(C)","(B)","(C)","(C)","B","(BC)","(B)","(A)","(B)","(A)","A","(C)","(B)","(D)","(D)","(C)","B","(A)","A","(C)","D","C"
"","0250000412","88%","22","(D)","C","B","B","BC","B","D","B","(ACD)","A","D","(B)","D","A","B","A","A","B","A","B","B","A","D","D","C"
"","0250000413","80%","20","B","C","(C)","B","BC","B","D","B","(A)","A","(A)","C","D","A","B","A","A","B","(C)","B","B","(D)","D","D","C"
"","0250000414","48%","12","(BDE)","(B)","B","(A)","(B)","B","(C)","(C)","(A)","A","D","(B)","(A)","(C)","(C)","A","(C)","B","A","B","B","A","(A)","D","C"
"","0250000415","80%","20","(D)","C","B","B","BC","B","D","B","(A)","A","D","(B)","(A)","(B)","B","A","A","B","A","B","B","A","D","D","C"
"","0250000416","44%","11","(D)","C","B","(C)","(A)","(A)","D","(D)","(A)","A","(A)","(D)","D","(D)","(C)","(B)","A","(C)","(C)","B","B","(B)","D","D","C"
"","0250000417","40%","10","(D)","(A)","B","(D)","(C)","B","(C)","B","(A)","A","(B)","(B)","(A)","A","(C)","(B)","(C)","B","A","B","(C)","(D)","(A)","D","C"
"","0250000420","60%","15","( )","(D)","B","(D)","(CD)","B","D","B","(A)","A","D","(B)","D","(B)","(D)","(B)","A","B","A","B","B","(C)","D","D","C"
"","0250000421","72%","18","(BDE)","C","B","(D)","(CD)","B","D","(D)","(A)","A","D","(B)","D","A","(C)","A","A","B","A","B","B","A","D","D","C"
"","0250000422","24%","6","(E)","C","(A)","(D)","(AD)","B","(B)","(C)","(ABCD)","A","(-)","C","(B)","(-)","(D)","A","(D)","(C)","A","(A)","(D)","( )","(A)","(-)","(-)"
"","0250000424","68%","17","(D)","C","(D)","(D)","BC","B","D","B","(AC)","A","D","(B)","D","(D)","(C)","(B)","A","B","A","B","B","A","D","D","C"
"","0250000425","60%","15","(D)","(B)","B","(D)","BC","B","D","B","(CD)","(B)","D","(D)","(B)","(B)","(A)","A","A","B","A","B","B","(B)","D","D","C"
"","0250000428","64%","16","(E)","(D)","(C)","(D)","BC","B","D","(C)","AD","A","D","C","D","(D)","(C)","A","A","B","A","B","(A)","A","(C)","D","C"
"","0250000429","64%","16","(BDE)","C","(D)","B","BC","B","D","(A)","(ACD)","A","D","(B)","D","(B)","(C)","A","A","(D)","A","B","B","(C)","D","D","C"
"","0250000430","44%","11","(BDE)","(D)","(C)","(A)","BC","(D)","D","(C)","(A)","A","D","(B)","D","(C)","B","A","(C)","(C)","A","B","B","(D)","D","(B)","(D)"
"","0250000431","44%","11","B","(A)","B","(C)","(BD)","B","D","(A)","(D)","(C)","(A)","(A)","D","A","(C)","(B)","(C)","B","A","(A)","(A)","A","(B)","D","C"
"","0250000432","64%","16","(BDE)","(B)","B","B","(BD)","B","D","B","AD","A","D","(B)","D","(B)","(C)","A","(B)","B","A","B","(A)","(B)","D","D","C"
"","0250000433","48%","12","(E)","(B)","B","B","BC","B","(C)","(C)","(AC)","A","D","(D)","(A)","A","(C)","A","(AC)","( )","A","(A)","B","(D)","(C)","D","C"
"","0310000076","80%","20","(E)","C","B","(A)","BC","B","D","(C)","(AC)","A","D","C","(A)","A","B","A","A","B","A","B","B","A","D","D","C"
"","0310000077","80%","20","(E)","C","B","(A)","BC","B","D","(C)","(AC)","A","D","C","(A)","A","B","A","A","B","A","B","B","A","D","D","C"
"","0310000078","80%","20","(E)","C","B","B","BC","B","D","(C)","(CD)","A","D","C","D","A","B","A","(D)","(A)","A","B","B","A","D","D","C"
"","0310000079","88%","22","(E)","C","B","B","BC","B","D","(D)","AD","A","D","C","D","A","B","A","A","(A)","A","B","B","A","D","D","C"
"","0310000080","92%","23","(D)","C","B","B","BC","B","D","B","(A)","A","D","C","D","A","B","A","A","B","A","B","B","A","D","D","C"
"","0310000081","84%","21","(D)","C","(C)","(A)","BC","B","D","B","(A)","A","D","C","D","A","B","A","A","B","A","B","B","A","D","D","C"
"","0310000082","72%","18","(D)","C","B","(D)","(AB)","B","D","(D)","(D)","A","D","C","(C)","A","B","A","A","B","A","B","B","A","D","(B)","C"
"","0310000083","84%","21","(E)","C","B","B","BC","B","D","B","(E)","A","D","(A)","D","A","B","A","A","(D)","A","B","B","A","D","D","C"
"","0310000084","72%","18","(D)","C","B","(D)","BC","B","D","(C)","(E)","A","D","(B)","D","A","(C)","(B)","A","B","A","B","B","A","D","D","C"
"","0310000085","80%","20","(E)","C","B","(A)","BC","B","D","B","(AC)","A","D","(D)","D","A","B","A","(C)","B","A","B","B","A","D","D","C"
"","0310000086","76%","19","(E)","(D)","(A)","B","(AB)","B","D","B","(AC)","A","D","(D)","D","A","B","A","A","B","A","B","B","A","D","D","C"
"","0310000087","68%","17","(E)","C","B","B","BC","B","D","B","AD","A","D","(A)","D","A","(C)","(D)","(D)","(C)","A","B","B","A","D","(B)","(D)"
"","0310000088","64%","16","(E)","(D)","B","B","BC","B","D","(C)","(D)","(C)","D","(A)","(C)","A","(D)","A","A","B","A","B","B","(D)","D","D","C"
"","0310000089","72%","18","(E)","(D)","B","B","BC","B","D","(C)","AD","(C)","D","(A)","D","A","(D)","A","A","(D)","A","B","B","A","D","D","C"
"","0310000090","80%","20","(E)","C","B","B","(CD)","B","D","B","(A)","A","D","(A)","D","A","B","A","A","(D)","A","B","B","A","D","D","C"
"","0310000091","60%","15","(E)","C","B","B","BC","B","D","B","(C)","A","(A)","(D)","D","(C)","(C)","(C)","(D)","(C)","(B)","B","B","A","D","D","C"
"","0310000092","44%","11","(E)","C","B","(A)","BC","B","D","(E)","(C)","(E)","(A)","(A)","D","(B)","(A)","(C)","(D)","(C)","(B)","B","B","(B)","D","D","C"
"","0310000093","48%","12","(E)","C","B","(D)","BC","B","D","(E)","(C)","(E)","(A)","(A)","D","(B)","(A)","(C)","(D)","B","(B)","B","B","(D)","D","D","C"
"","0310000094","56%","14","(E)","C","B","B","BC","B","D","(E)","(C)","A","(A)","(A)","D","(B)","(A)","(C)","(D)","B","(B)","B","B","(D)","D","D","C"
"","0310000095","40%","10","(E)","C","B","B","BC","(A)","D","( E)","(C)","(E)","(A)","(D)","D","A","B","(C)","(D)","(A)","(B)","( )","(A)","(D)","(B)","D","C"
"","0310000096","52%","13","(D)","C","B","B","BC","(A)","D","(E)","(C)","A","D","(A)","D","A","B","(C)","(D)","(C)","(C)","(D)","(C)","(C)","D","D","C"
"","0310000097","36%","9","B","( E)","B","(D)","(AB)","(A)","D","B","(C)","(C)","(B)","(A)","D","(C)","(C)","(C)","(C)","B","(D)","B","(A)","(D)","(A)","D","C"
"","0310000098","40%","10","(D)","C","B","B","BC","(D)","D","(C)","(C)","(B)","(A)","(A)","D","(B)","(A)","(C)","(D)","(A)","(B)","B","(C)","A","D","(B)","C"
"","0310000099","40%","10","(D)","( )","B","B","BC","( )","D","(C)","(C)","(B)","(A)","(A)","D","(B)","(A)","(C)","(D)","(A)","(B)","B","B","(B)","D","D","C"
"","0310000100","44%","11","(D)","C","B","B","BC","(D)","(B)","(C)","(C)","A","(A)","(A)","D","(B)","(A)","(C)","(D)","(A)","(B)","B","B","(B)","D","D","C"
"","0310000101","44%","11","(E)","C","B","(D)","(AD)","(C)","D","(C)","(C)","(E)","(A)","(A)","D","A","B","(C)","(D)","(C)","A","(A)","B","(D)","D","D","C"
"","0310000102","52%","13","(E)","C","B","(D)","BC","B","D","(E)","(C)","(E)","(A)","(A)","D","(B)","(A)","(C)","(D)","B","(B)","B","B","A","D","D","C"
"","0310000103","12%","3","(E)","(D)","(C)","(D)","(B)","(D)","D","(E)","(D)","(E)","(A)","(D)","(C)","(B)","B","(B)","(D)","(D)","(B)","B","(A)","(B)","(C)","(B)","(B)"
"","0310000105","44%","11","(E)","C","B","B","BC","B","D","(E)","(C)","(E)","(A)","(A)","(C)","(D)","( )","( )","(D)","(C)","(B)","B","(C)","A","D","D","C"
"","0310000106","28%","7","(D)","(A)","B","B","BC","(D)","D","(A)","(C)","(E)","(A)","(D)","D","(B)","(A)","(C)","(D)","(D)","A","B","(A)","(C)","(B)","(E)","(E)"
"","0410000101","40%","10","(D)","(A)","B","(C)","(CD)","B","(B)","(C)","(A)","(B)","D","(D)","(A)","A","B","A","(B)","B","(C)","B","(A)","(D)","D","D","(A)"
"","0410000102","48%","12","(BDE)","(B)","(C)","(C)","(BD)","B","D","(C)","(C)","(D)","(A)","C","D","(D)","(A)","A","A","B","(C)","B","B","A","D","D","(B)"
"","0410000103","44%","11","(C)","C","(A)","(D)","(D)","(C)","D","(C)","(A)","A","(A)","C","(A)","(B)","(C)","A","A","(D)","(C)","B","B","(D)","D","D","C"
"","0410000104","48%","12","(D)","(B)","B","(A)","BC","B","D","(A)","(ABD)","A","(C)","(B)","D","(D)","B","A","(D)","B","(C)","B","B","(C)","D","(B)","(A)"
"","0410000105","44%","11","B","(B)","(D)","( )","(C)","B","D","(A)","(A)","A","D","C","(A)","(B)","(C)","(B)","(C)","B","(C)","B","B","(D)","D","(A)","C"
"","0410000106","48%","12","(DE)","(B)","B","(A)","BC","B","D","(A)","(ABD)","A","(C)","(B)","D","(D)","B","A","(D)","B","(C)","B","B","(C)","D","(B)","(A)"
"","0410000107","52%","13","(BE)","(B)","(A)","(A)","(C)","(A)","D","B","(AC)","A","D","C","D","A","(C)","A","A","B","(C)","(A)","B","(D)","D","D","(B)"
"","0410000108","48%","12","(D)","(A)","B","(C)","(C)","B","D","B","(D)","A","(C)","(B)","(B)","(D)","(C)","A","(D)","B","(C)","B","B","(D)","D","D","C"
"","0410000109","40%","10","(D)","C","(A)","(C)","(B)","B","D","(D)","(C)","(D)","(A)","(A)","(C)","(D)","B","A","(D)","(C)","A","B","B","A","D","(B)","(B)"
"","0410000111","56%","14","(D)","(A)","B","(C)","BC","B","D","B","AD","A","D","(B)","(A)","(C)","B","(C)","A","(D)","(C)","B","B","(D)","D","D","(A)"
"","0410000112","64%","16","(D)","(B)","(C)","(A)","(C)","B","D","(A)","(C)","A","D","C","D","A","(C)","(B)","A","B","A","B","B","A","D","D","C"
"","0410000113","64%","16","(BCE)","(B)","(D)","B","BC","B","D","(C)","(A)","A","D","(BC)","D","A","(D)","A","(C)","B","A","B","(C)","A","D","D","C"
"","0410000114","60%","15","(D)","C","(A)","(D)","(C)","B","D","(C)","(A)","A","(A)","C","D","A","B","A","(D)","B","A","B","B","(D)","D","(B)","C"
"","0410000115","48%","12","B","(D)","B","(C)","(A)","B","D","(D)","(B)","(C)","D","C","(C)","A","(D)","A","A","B","(C)","(A)","B","A","(BD)","( )","(A)"
"","0410000116","32%","8","(E)","C","(C)","(D)","BC","(D)","D","(D)","(A)","A","D","(D)","(A)","(B)","B","(C)","(C)","(D)","A","(A)","(C)","(B)","(B)","(B)","C"
"","0410000117","28%","7","(D)","(D)","B","(D)","BC","(A)","D","(C)","(A)","(C)","(C)","(D)","(A)","(B)","(C)","(B)","(C)","(D)","A","(A)","(C)","A","D","(A)","C"
"","0410000118","32%","8","(D)","(A)","B","(A)","(D)","B","D","(C)","(AC)","(C)","D","(B)","(A)","A","(A)","(C)","(C)","B","(C)","B","(A)","(B)","(B)","(B)","C"
"","0410000119","44%","11","B","(B)","B","(A)","BC","B","D","B","(CD)","(C)","D","(D)","D","(B)","(D)","(B)","(B)","B","A","(A)","(A)","(D)","D","(B)","(D)"
"","0410000120","64%","16","(BE)","C","B","B","BC","(C)","D","(C)","(D)","A","D","(D)","D","A","(C)","A","(B)","(D)","A","B","B","(B)","D","D","C"
"","0410000121","60%","15","(A)","(B)","B","B","BC","B","D","(C)","(A)","A","D","C","D","(C)","B","(B)","(B)","B","(C)","B","(C)","(D)","D","D","C"
"","0410000122","56%","14","(D)","(A)","B","B","BC","(C)","(C)","(D)","(A)","A","D","(D)","D","(B)","B","A","(C)","B","(C)","B","B","A","D","(B)","C"
"","0410000123","84%","21","(E)","C","B","B","BC","B","D","(D)","(A)","A","D","C","D","A","B","A","(D)","B","A","B","B","A","D","D","C"
"","0410000124","76%","19","(D)","C","B","B","BC","B","D","(C)","AD","A","D","(B)","D","A","B","A","A","B","(C)","B","B","(B)","(A)","D","C"
"","0410000125","56%","14","(D)","(B)","B","(C)","BC","B","D","(C)","(ACD)","A","D","(B)","D","A","(C)","A","(D)","B","A","B","B","(C)","(B)","D","(B)"
"","0410000126","52%","13","(D)","C","(A)","(A)","( )","(C)","D","B","( )","A","D","(D)","(A)","A","(A)","(B)","A","(D)","(C)","B","B","A","D","D","C"
"","0410000127","28%","7","(D)","(A)","(A)","(D)","(C)","(D)","D","(C)","(A)","(D)","D","(D)","D","(C)","(D)","(B)","(B)","B","(C)","B","B","(D)","(A)","(A)","C"
"","0410000128","52%","13","(D)","(B)","B","(A)","BC","B","D","( )","(ACD)","A","(A)","C","D","(C)","(C)","(B)","A","B","(C)","(A)","B","A","D","(B)","C"
"","0410000129","44%","11","(D)","(B)","(A)","(C)","(BD)","(A)","(C)","(C)","(A)","A","D","C","D","(B)","B","A","A","B","A","(A)","B","(C)","(B)","D","(B)"
"","0410000130","44%","11","(E)","(B)","(D)","(A)","BC","B","D","B","(A)","A","(C)","(B)","D","(C)","(C)","A","(B)","(D)","(C)","B","(A)","(B)","D","D","C"
"","0410000131","52%","13","(D)","(A)","(D)","(D)","BC","(A)","D","(D)","(AC)","A","D","(A)","D","A","B","A","(B)","B","(C)","(A)","B","(C)","D","D","C"
"","0410000132","44%","11","(BDE)","(D)","(C)","(C)","BC","B","D","(C)","(A)","A","(A)","(B)","D","(B)","B","A","A","(D)","A","(A)","(A)","(D)","D","(B)","C"
"","0410000133","60%","15","(BDE)","(D)","B","(A)","BC","B","D","B","(A)","A","D","(D)","D","A","(A)","A","(D)","(D)","(C)","B","B","(C)","D","D","C"
"","0410000134","52%","13","(BDE)","C","B","B","BC","(C)","D","(C)","AD","(C)","D","(A)","D","(C)","(C)","A","(B)","(D)","A","(A)","B","(B)","D","D","(A)"
"","0410000135","24%","6","(A)","(B)","B","(D)","(C)","B","(A)","(D)","(D)","(B)","D","(B)","(A)","(B)","(D)","(C)","(D)","(D)","(C)","B","B","(D)","(A)","(B)","C"
"","0460000","56%","14","( E)","(B)","B","(D)","BC","B","D","(D)","( E)","A","(C)","(B)","D","A","(C)","(C)","A","(D)","A","B","B","(B)","D","D","C"
"","0460000002","60%","15","( )","(B)","B","(D)","(A)","B","D","B","(AC)","A","D","C","(C)","A","(C)","A","A","B","A","(A)","B","(D)","(A)","D","C"
"","0460000004","48%","12","(D)","(B)","(C)","B","BC","(D)","D","(A)","( E)","A","(B)","C","D","A","(D)","(C)","(D)","B","A","(A)","B","(C)","(B)","D","C"
"","0460000005","36%","9","(D)","(B)","(C)","(C)","BC","(A)","D","(C)","(A)","A","(B)","(A)","(C)","(B)","(D)","(B)","A","(C)","A","B","B","A","(A)","D","(B)"
"","0460000006","44%","11","(D)","(B)","(C)","(A)","BC","(A)","D","(C)","( E)","(C)","D","(B)","D","(B)","(D)","A","A","B","A","B","(C)","(D)","D","(B)","C"
"","0460000008","68%","17","(E)","C","B","B","BC","B","D","B","(E)","A","D","C","(B)","A","B","(B)","A","(D)","A","(A)","B","(C)","D","D","(B)"
"","0460000009","56%","14","B","C","B","(D)","(CD)","(D)","D","B","(AC)","A","(A)","(B)","(A)","A","(D)","A","(D)","(C)","A","B","B","(B)","D","D","C"
"","0460000010","64%","16","(E)","(B)","B","B","BC","B","D","B","(E)","A","(A)","(A)","D","A","B","(C)","A","B","A","(A)","(C)","(D)","D","D","C"
"","0460000011","44%","11","B","(D)","B","B","(AB)","B","D","(D)","(E)","A","(B)","(B)","(A)","A","(C)","(C)","A","(C)","A","(A)","(C)","(D)","(B)","D","C"
"","0460000012","36%","9","(D)","(B)","(C)","B","BC","B","D","B","(A)","(D)","D","(B)","(B)","(B)","B","(B)","(D)","(D)","A","(A)","(A)","(B)","(C)","D","(E)"
"","0460000013","84%","21","B","C","B","(D)","BC","B","D","(D)","AD","A","D","C","D","A","(A)","A","A","B","A","B","B","A","D","D","(D)"
"","0570000038","28%","7","(E)","(A)","(A)","(C)","(E)","(D)","D","(A)","(A)","(C)","(A)","(A)","D","(D)","B","A","(B)","(D)","A","(A)","(C)","(D)","(C)","D","C"
"","0570000039","28%","7","(D)","(B)","B","(D)","(C)","B","D","(D)","AD","(B)","D","(A)","(C)","(D)","(C)","(B)","(D)","B","(B)","(A)","(A)","A","(A)","(A)","(B)"
"","0570000040","52%","13","B","(B)","(A)","(C)","BC","B","D","B","(E)","(B)","D","(B)","D","A","(C)","A","(C)","B","(C)","B","B","(C)","(B)","D","(A)"
"","0570000041","64%","16","(E)","(B)","B","(A)","BC","B","D","B","(AC)","A","(A)","(B)","D","(B)","(C)","A","A","B","A","B","B","(C)","D","D","C"
"","0570000042","44%","11","(C)","(D)","(C)","B","(AD)","(A)","(B)","B","(C)","A","D","(D)","(A)","(B)","B","(D)","A","B","A","B","(C)","A","D","(B)","(A)"
"","0570000043","64%","16","B","(D)","B","(A)","BC","B","D","B","AD","(B)","D","C","(C)","(B)","(C)","A","(C)","B","A","(A)","B","A","D","D","(D)"
"","0570000044","28%","7","( E)","(D)","B","(D)","BC","(C)","D","(D)","(A)","(D)","(B)","(D)","D","(B)","(D)","A","A","(C)","(C)","(A)","(C)","(C)","(B)","(B)","C"
"","0570000045","64%","16","(E)","(A)","(C)","(A)","BC","B","D","(A)","(A)","(B)","D","C","(C)","A","B","A","A","B","A","(A)","B","A","D","D","C"
"","0570000046","60%","15","(E)","(B)","B","(D)","(B)","(A)","D","(A)","AD","A","D","(A)","D","A","B","(B)","A","B","A","(A)","B","(B)","D","D","C"
"","0570000047","24%","6","(D)","(A)","(C)","B","(BD)","(C)","(B)","(E)","(C)","A","(A)","(A)","D","A","(C)","(B)","(D)","B","(C)","(A)","B","(B)","(B)","(E)","(E)"
"","0570000048","44%","11","(D)","(B)","B","(D)","BC","(D)","D","(E)","(C)","(E)","(A)","(A)","(A)","A","(C)","(B)","(D)","B","A","B","B","(C)","D","D","C"
"","0570000049","36%","9","(D)","(B)","B","(D)","(CD)","B","D","(C)","(C)","A","(A)","(A)","(A)","(C)","(A)","(B)","(D)","B","(C)","B","(D)","(C)","D","D","C"
"","0570000050","28%","7","(E)","C","(C)","B","(C)","(A)","D","(E)","(C)","(E)","(A)","(A)","D","(B)","(A)","(C)","(D)","(C)","(C)","(A)","B","(D)","(B)","D","C"
"","0570000051","28%","7","(E)","(B)","(C)","B","BC","(D)","D","(E)","(C)","(E)","(A)","(A)","D","(B)","(A)","(C)","(D)","B","(B)","(A)","B","( )","(B)","(C)","C"
"","0570000052","56%","14","(E)","C","B","(D)","BC","B","D","(E)","(C)","(E)","(A)","(A)","(C)","A","B","(C)","(D)","B","(C)","B","B","A","D","D","C"
"","0570000053","36%","9","(D)","(B)","B","(D)","BC","(D)","D","(E)","(C)","(E)","(A)","(A)","(A)","A","(C)","(B)","(D)","B","(C)","(C)","B","(D)","D","D","C"
"","0570000054","48%","12","(E)","(B)","B","(D)","BC","B","D","(E)","(C)","( )","(A)","(A)","(C)","A","B","(C)","(D)","B","(C)","B","B","(C)","D","D","C"
"","0570000055","52%","13","(E)","(A)","(C)","(A)","(BD)","B","D","B","(C)","A","(A)","(A)","D","A","B","(C)","(D)","B","(C)","B","B","(C)","D","D","C"
"","0570000056","20%","5","(D)","(B)","(C)","B","(D)","B","(C)","(A)","(D)","(D)","(A)","(B)","(B)","A","(C)","(C)","(D)","(A)","(D)","B","(C)","(B)","(A)","D","(B)"
"","0570000057","52%","13","(D)","(B)","(D)","B","BC","B","D","(C)","(C)","(E)","(A)","(A)","D","A","B","(C)","(D)","B","(C)","B","B","(B)","D","D","C"
"","063000000","44%","11","(D)","(D)","B","B","(BD)","B","(B)","(D)","(E)","(C)","D","(A)","D","A","(A)","(B)","(B)","B","(C)","B","B","(C)","D","(B)","C"
"","0630000001","36%","9","(D)","(A)","B","(A)","(CD)","B","D","(D)","(A)","(B)","(C)","(A)","D","A","(C)","(B)","A","(C)","A","(A)","(A)","(D)","(B)","D","C"
"","0630000002","60%","15","(E)","C","B","(A)","(CD)","B","D","B","(A)","A","(B)","(D)","D","(B)","(A)","(B)","(B)","B","A","B","B","A","D","D","C"
"","0630000003","68%","17","(E)","C","B","(A)","BC","B","D","B","(A)","A","D","(D)","(A)","(B)","(A)","A","(B)","B","A","B","B","A","D","D","C"
"","0630000004","72%","18","(E)","C","B","(A)","BC","B","D","B","(A)","A","D","(A)","D","(B)","(A)","A","(B)","B","A","B","B","A","D","D","C"
"","0630000005","40%","10","B","(D)","B","(A)","(C)","(D)","D","(A)","(A)","(C)","D","C","(A)","A","(A)","A","(C)","B","(C)","(A)","(C)","A","(B)","D","(B)"
"","0630000006","44%","11","(D)","(A)","(C)","(A)","(CD)","(C)","D","(D)","(A)","A","D","(A)","D","(D)","(A)","(D)","(C)","B","A","B","B","(C)","D","D","C"
"","0630000007","36%","9","(E)","C","(A)","(C)","(AC)","(A)","(C)","(C)","(A)","A","(C)","(D)","(A)","(C)","B","A","(B)","B","A","(A)","B","(C)","(B)","D","C"
"","0630000009","28%","7","(D)","(D)","B","(A)","BC","B","D","(D)","AD","(C)","(B)","C","(A)","(B)","(D)","(B)","(C)","(A)","(B)","(A)","(A)","(B)","(B)","D","(B)"
"","0630000010","52%","13","(E)","(B)","B","(D)","BC","B","D","B","(AC)","(B)","D","C","D","(D)","(A)","A","(C)","(C)","A","B","(A)","(B)","D","D","(A)"
"","0630000011","52%","13","(E)","C","B","(C)","BC","B","D","(D)","(A)","A","(A)","C","D","A","(C)","(B)","(C)","B","(B)","B","(A)","(D)","(C)","D","C"
"","0630000012","64%","16","(E)","(B)","B","(C)","BC","B","D","B","( )","A","D","(B)","D","(B)","(A)","A","(D)","B","A","B","B","(D)","D","D","C"
"","0630000013","44%","11","B","(B)","B","(D)","BC","B","D","(C)","(A)","A","(C)","C","D","(C)","(C)","(B)","A","(D)","(C)","(A)","(D)","(D)","(C)","D","C"
"","0630000014","60%","15","(D)","C","(C)","B","BC","B","D","(D)","(A)","A","D","(D)","D","A","B","(B)","(C)","B","A","B","B","(C)","(C)","D","(A)"
"","0630000015","32%","8","B","C","(D)","(D)","(C)","B","(B)","(C)","(A)","A","(C)","(B)","(A)","(C)","B","(D)","(B)","(D)","(C)","(A)","B","(B)","D","D","(B)"
"","0630000016","44%","11","(D)","C","(C)","(A)","BC","B","(C)","(C)","(A)","A","D","(D)","(A)","A","(C)","(B)","(C)","(D)","A","B","B","( )","(B)","D","C"
"","0630000017","36%","9","(D)","(A)","(C)","(D)","BC","(D)","(C)","(C)","AD","A","(A)","(D)","(B)","(C)","(C)","A","(D)","B","(B)","B","B","(D)","(A)","D","C"
"","0630000018","32%","8","(E)","(D)","(C)","B","BC","B","(C)","(D)","(A)","A","D","C","(A)","(B)","(A)","(B)","(C)","B","(C)","B","(A)","(D)","(C)","(C)","(D)"
"","0630000019","36%","9","(D)","(B)","B","(A)","BC","B","D","(C)","( )","A","(A)","(D)","(A)","(B)","(A)","A","(C)","B","(D)","(C)","(A)","(B)","(C)","D","C"
"","0630000020","44%","11","(D)","(A)","B","(A)","BC","B","D","(C)","( )","A","(A)","(A)","D","(C)","(C)","A","(B)","(C)","(C)","B","(A)","(C)","D","D","C"
"","0630000021","36%","9","B","C","B","(A)","BC","(D)","(A)","B","(-E)","(E)","D","(E)","(A)","(B)","(D)","(C)","(B)","(D)","A","B","( )","(C)","(E)","(A)","C"
"","0630000022","36%","9","(D)","(E)","(C)","(A)","BC","(C)","D","B","(D)","A","D","(A)","(B)","(D)","(C)","(B)","(C)","(D)","A","B","(C)","(B)","(B)","D","C"
"","0630000023","28%","7","(D)","(A)","B","(D)","(B)","B","D","(C)","(A)","(C)","(A)","(B)","D","(C)","(A)","(B)","(C)","B","(B)","(A)","(C)","(C)","(A)","D","C"
"","0630000024","36%","9","B","(B)","(A)","(D)","(B)","B","D","(C)","(A)","A","D","(B)","(A)","(B)","(A)","A","A","(D)","A","B","(C)","(D)","(B)","(A)","(B)"
"","0630000025","12%","3","B","(D)","(C)","B","(B)","(C)","D","(C)","(A)","(C)","(A)","( )","( )","( )","( )","( )","( )","( )","( )","( )","( )","( )","( )","( )","( )"
"","0630000026","64%","16","B","(B)","B","B","BC","B","(C)","(C)","(A)","(B)","D","C","D","(B)","(A)","(B)","(C)","B","A","B","B","A","D","D","C"
"","0630000027","40%","10","B","(D)","B","(C)","BC","(A)","D","B","(AC)","A","D","(B)","(A)","A","(A)","(D)","(C)","B","(C)","B","(A)","(B)","(C)","(CD)","(BCE)"
"","0630000028","44%","11","(C)","(D)","(A)","B","(-C)","B","D","B","(A)","(D)","(C)","(A)","(C)","A","(D)","A","(C)","(D)","(B)","B","B","A","D","D","(B)"
"","0630000029","48%","12","(D)","(A)","B","(D)","BC","B","D","(D)","(CD)","A","D","(B)","D","(B)","B","A","A","(C)","(C)","B","(C)","(D)","(B)","D","(B)"
"","0630000030","32%","8","(C)","C","(A)","(D)","(B)","B","D","(A)","(A)","(D)","(B)","(A)","D","(D)","(A)","(B)","A","B","(B)","B","(C)","A","(B)","(A)","(A)"
"","0630000031","44%","11","B","(B)","(C)","B","BC","B","(C)","(D)","(A)","A","(A)","(B)","D","(D)","(D)","A","(C)","(C)","A","B","(A)","A","(C)","D","(D)"
"","0630000032","32%","8","(E)","(B)","(A)","B","(CD)","B","D","(A)","(A)","A","D","(B)","(A)","( )","(A)","(B)","(C)","( )","A","B","(A)","A","(A)","(C)","(A)"
"","0630000033","52%","13","B","C","B","(A)","BC","(D)","D","( )","(D)","A","D","(B)","(A)","( )","(A)","A","( )","( )","A","B","( )","A","( )","D","C"
"","0630000034","56%","14","B","(A)","(C)","B","(AB)","B","(A)","B","(A)","A","(B)","(D)","D","(B)","(A)","A","(C)","B","(C)","B","B","A","D","D","C"
"","0630000035","60%","15","(D)","(B)","B","B","BC","B","D","(D)","(AC)","A","(A)","(D)","D","A","(C)","(B)","A","(D)","A","(A)","B","A","D","D","C"
"","0630000036","68%","17","B","C","B","(A)","BC","(A)","D","B","(E)","A","D","C","D","(C)","(A)","(B)","(B)","(A)","A","B","B","A","D","D","C"
"","0630000037","68%","17","(E)","C","B","(C)","BC","B","D","(C)","(E)","A","D","C","D","(C)","B","(B)","A","B","A","B","B","A","(C)","D","(D)"
"","0630000038","56%","14","(D)","(B)","B","(D)","BC","B","(C)","B","(C)","A","(A)","(B)","D","A","(A)","(B)","A","(D)","A","(A)","B","A","D","D","C"
"","0630000039","72%","18","(D)","C","B","(D)","BC","B","D","B","(A)","A","(B)","(B)","D","A","(C)","A","(D)","B","A","B","B","A","D","D","C"
"","0630000040","44%","11","(E)","(B)","B","(A)","BC","(C)","(B)","(A)","AD","A","D","(B)","(A)","A","(A)","(B)","(C)","(A)","A","B","(A)","A","(C)","D","C"
"","0630000041","52%","13","(D)","(B)","B","(D)","(B)","B","D","(C)","(C)","A","(A)","(B)","D","A","(A)","(B)","A","B","A","B","B","A","(A)","D","(A)"
"","0630000042","40%","10","(D)","(A)","B","B","(C)","(D)","(B)","(C)","(E)","A","D","(D)","(A)","(D)","(A)","(B)","(C)","B","A","(A)","(A)","A","D","D","C"
"","0630000043","48%","12","(D)","(B)","B","(D)","BC","(D)","(C)","B","(C)","A","(A)","(B)","D","A","B","(D)","(D)","(D)","A","B","B","A","(C)","D","(B)"
"","0630000044","52%","13","B","C","(C)","(D)","(C)","B","D","B","(A)","A","D","(D)","(A)","(D)","(A)","(B)","A","B","(C)","B","(A)","A","(C)","D","C"
"","0630000045","40%","10","(D)","C","(D)","(D)","(C)","(A)","D","B","AD","(C)","( )","C","(A)","A","B","(B)","(C)","(A)","(C)","(A)","(C)","A","(A)","D","C"
"","0630000046","48%","12","(E)","(D)","B","(A)","BC","(C)","D","(C)","(A)","A","(C)","(A)","D","(B)","(C)","(B)","(B)","B","A","(A)","B","A","D","D","C"
"","0630000047","56%","14","(E)","C","(D)","B","BC","(D)","D","B","AD","A","D","(A)","(A)","(B)","(A)","A","(D)","B","(C)","B","(A)","A","(B)","D","C"
"","0630000048","64%","16","B","(B)","(C)","B","BC","B","D","(D)","(A)","A","D","(D)","D","(B)","(A)","(B)","A","B","A","B","B","A","D","D","(D)"
"","0630000049","12%","3","(D)","(B)","(A)","(D)","(C)","B","(B)","(D)","(A)","(C)","(A)","(D)","(B)","(C)","(A)","A","(D)","(D)","A","( )","(A)","(C)","(B)","(C)","(A)"
"","0630000050","56%","14","B","(B)","(D)","(A)","BC","B","D","(D)","(E)","A","D","(B)","(A)","(B)","B","(B)","(C)","(C)","A","B","B","A","D","D","C"
"","0630000051","36%","9","(E)","(B)","(C)","(D)","BC","B","D","(A)","(AC)","A","D","(B)","D","(B)","(A)","A","(B)","(C)","(C)","B","(A)","(D)","(A)","D","(B)"
"","0710000024","76%","19","(E)","(B)","B","(A)","BC","B","D","B","AD","A","D","(B)","D","A","(A)","(B)","A","B","A","B","B","A","D","D","C"
"","0710000025","76%","19","(E)","(A)","B","(A)","BC","B","D","B","AD","A","D","(A)","D","A","B","A","A","B","A","B","B","(C)","D","(E)","C"
"","0710000026","48%","12","(E)","(D)","B","(A)","(AB)","B","D","B","(A)","A","(A)","(A)","(E)","(C)","(C)","(B)","A","B","A","B","(C)","A","D","(C)","C"
"","0710000027","44%","11","(D)","(D)","(D)","(A)","BC","B","D","(C)","( E)","(B)","(A)","(A)","D","A","(C)","A","A","B","A","B","(C)","(D)","(C)","D","(B)"
"","0710000028","64%","16","( E)","(B)","B","(A)","BC","B","(C)","B","AD","(B)","D","(B)","(A)","A","B","A","A","B","A","(A)","B","(C)","D","D","C"
"","0730000200","16%","4","B","(B)","(A)","(D)","(D)","(AE)","(A)","(D)","(A)","(C)","(B)","(D)","(A)","A","(C)","A","(B)","(D)","A","(A)","(D)","(B)","(C)","(A)","(BC)"
"","0730000201","16%","4","B","(B)","(C)","(C)","(D)","(E)","(A)","(D)","(A)","(C)","(A)","(D)","(B)","A","(C)","A","(B)","(A)","(B)","(A)","(BD)","(B)","(C)","(A)","C"
"","0730000203","24%","6","(A)","(A)","(A)","(A)","(A)","(A)","(A)","(A)","(A)","A","(A)","(A)","(A)","A","(A)","A","A","(A)","A","(A)","(A)","A","(A)","(A)","(A)"
"","0730000204","16%","4","(C)","(D)","B","(A)","(D)","(E)","(C)","(A)","(A)","(C)","(A)","(D)","(B)","A","(C)","A","(B)","(C)","(C)","(A)","(CD)","(B)","(A)","(A)","C"
"","0730000205","20%","5","B","(B)","(A)","(C)","(D)","(E)","(C)","(A)","(A)","(C)","(A)","(D)","(B)","A","(D)","A","(B)","B","(B)","(A)","(BD)","(B)","(C)","(B)","C"
"","0730000206","40%","10","(C)","(B)","B","(C)","(D)","B","D","(D)","(A)","(C)","(A)","(D)","(B)","A","B","A","(B)","(D)","A","B","(BD)","(B)","D","(A)","C"
"","0730000207","20%","5","(C)","(B)","B","(C)","(D)","(E)","(A)","(D)","(A)","(C)","(A)","C","(B)","A","(A)","A","(B)","(D)","(C)","(-)","(BD)","(-)","(A)","(A)","C"
"","0730000208","28%","7","(A)","(B)","B","B","(D)","(A)","(A)","(A)","(B)","(C)","(A)","(D)","(B)","A","(A)","A","(B)","(A)","(B)","(A)","B","(B)","D","(A)","C"
"","0730000209","20%","5","(C)","(B)","(D)","(D)","(D)","(E)","(C)","(A)","(B)","(C)","(B)","(A)","D","A","B","(C)","(B)","(A)","A","(A)","(BC)","(B)","(C)","(A)","C"
"","0730000210","24%","6","(C)","(B)","B","(A)","(D)","(ABE)","(B)","(A)","(A)","(C)","D","C","(A)","A","(D)","A","(B)","(D)","(C)","(A)","(BD)","(B)","(B)","(A)","C"
"","0730000211","28%","7","( )","( )","( )","(D)","(D)","(E)","(C)","B","(B)","(C)","(A)","(B)","D","(C)","B","(C)","(B)","B","A","B","(BC)","(C)","D","(B)","(D)"
"","0730000212","12%","3","(D)","(B)","(D)","(D)","(D)","(DE)","(C)","(-)","( )","( )","D","( )","( )","( )","( )","( )","( )","( )","A","( )","( )","( )","( )","( )","C"
"","0740000","48%","12","(E)","C","( E)","(A)","BC","(D)","D","(E)","(A)","A","(C)","(B)","D","(E)","(A)","A","A","B","A","(A)","B","( E)","D","D","(E)"
"","0740000003","44%","11","B","(B)","(C)","(C)","BC","(A)","D","B","(AC)","(B)","(C)","(A)","(A)","(C)","B","(D)","(D)","B","A","B","B","(B)","D","D","(B)"
"","0740000004","56%","14","(E)","(B)","B","(A)","BC","B","D","(D)","(A)","A","D","(B)","(A)","A","(D)","A","A","(A)","A","B","B","(C)","D","D","(B)"
"","0740000005","80%","20","(E)","C","B","B","BC","B","D","B","( E)","A","D","C","D","A","B","(B)","A","B","A","B","B","(D)","D","D","(B)"
"","0740000008","52%","13","(D)","(A)","(D)","(D)","(C)","(A)","D","(D)","(A)","A","D","(A)","D","A","(C)","A","(D)","B","A","B","B","(C)","D","D","C"
"","0750000000","8%","2","(D)","(D)","(D)","(A)","(E)","(D)","(C)","(D)","(B)","(E)","(E)","(D)","D","(E)","(C)","(E)","(E)","(E)","(E)","(E)","(E)","(E)","(E)","D","(E)"
"","0750000001","40%","10","(D)","C","(C)","(C)","(BD)","B","D","(C)","(A)","(B)","D","(A)","(C)","(C)","B","A","(C)","(A)","A","B","(A)","(B)","D","(A)","C"
"","0750000002","48%","12","B","(D)","B","(D)","BC","B","D","B","(A)","A","(A)","(D)","(B)","(C)","B","(B)","A","B","(C)","(A)","(A)","(C)","(C)","D","C"
"","0750000003","40%","10","B","(A)","(D)","B","(CD)","B","(C)","(C)","(A)","(D)","D","(A)","D","(C)","(C)","(B)","(D)","B","A","(A)","B","(C)","(B)","D","C"
"","0750000004","8%","2","(E)","(D)","(D)","B","(A)","(D)","(B)","(D)","(C)","(B)","(C)","(B)","(A)","(C)","(A)","A","(D)","( )","(B)","(A)","(A)","(B)","(A)","(B)","(A)"
"","0750000005","48%","12","B","(B)","B","(D)","BC","B","D","(D)","(A)","A","(C)","(A)","D","(B)","(C)","(B)","(D)","B","A","(A)","B","A","(C)","(A)","C"
"","0750000006","36%","9","(C)","(B)","B","(D)","(C)","(D)","(C)","(C)","(C)","A","D","(A)","D","(B)","(D)","(C)","(D)","B","A","B","B","(C)","(A)","(B)","C"
"","0750000007","24%","6","(A)","(A)","(A)","(D)","BC","(C)","(B)","B","(E)","A","(C)","(B)","(C)","(C)","(D)","A","(B)","B","A","(A)","(A)","(B)","(B)","( E)","(E)"
"","0750000008","40%","10","(D)","C","B","(D)","(AB)","B","D","(A)","(A)","A","(C)","(B)","D","(C)","(A)","(B)","A","(D)","A","B","(A)","(C)","(A)","(B)","C"
"","0750000009","44%","11","(E)","(B)","(A)","B","BC","(D)","D","B","(E)","(B)","D","(A)","D","A","(C)","A","A","(D)","A","B","(A)","(C)","(B)","(C)","(D)"
"","0750000010","32%","8","(E)","(D)","(D)","(C)","(AC)","B","D","B","(A)","(B)","(C)","(A)","(A)","(B)","B","A","(C)","(A)","A","B","(A)","(C)","D","(C)","(A)"
"","0750000011","40%","10","(E)","(D)","B","(C)","(CD)","B","D","(C)","(AB)","A","D","(A)","(A)","(D)","(C)","(B)","(C)","B","A","B","B","(C)","(B)","(A)","C"
"","0750000012","20%","5","(D)","(B)","(A)","(D)","(B)","B","D","(D)","(C)","A","(A)","(B)","(A)","A","(C)","(B)","(D)","(D)","A","(A)","(A)","(B)","(B)","(B)","(B)"
"","0750000013","28%","7","(E)","(D)","(D)","(D)","BC","B","D","(A)","(AC)","A","D","(A)","(A)","(D)","(C)","(D)","(B)","(D)","A","(A)","B","(C)","(A)","(C)","(A)"
"","0750000014","32%","8","(E)","C","B","(A)","(AC)","(A)","D","(C)","(A)","A","(C)","(A)","(A)","(B)","(A)","A","(C)","(D)","A","B","(A)","(B)","D","(B)","(A)"
"","0750000015","40%","10","(E)","C","B","(A)","BC","(D)","D","(A)","(E)","A","(C)","(B)","(A)","(D)","(C)","(C)","(D)","B","(C)","B","B","(D)","D","(A)","C"
"","0750000016","48%","12","(D)","(A)","B","(A)","BC","B","D","(D)","(E)","A","(A)","(A)","(C)","A","B","(B)","(B)","(D)","A","B","B","A","D","(B)","(D)"
"","0750000017","56%","14","(E)","(B)","B","(A)","(CD)","(C)","D","(C)","(A)","A","(A)","(A)","D","A","(C)","(B)","A","B","A","B","B","A","D","D","C"
"","0750000018","36%","9","(E)","(A)","(C)","(A)","BC","B","D","(C)","(E)","A","(A)","C","D","(B)","(D)","(B)","(C)","B","(C)","B","(E)","(D)","D","( )","( )"
"","0750000019","28%","7","(E)","(B)","(C)","(D)","(CD)","(C)","D","(A)","(AC)","(B)","(A)","(A)","(A)","(D)","B","A","A","B","(B)","(A)","(A)","(B)","D","D","(A)"
"","0750000020","28%","7","(A)","( )","B","(A)","(CD)","B","D","(A)","(AC)","(B)","D","(B)","(A)","(C)","(E)","(B)","A","B","A","(A)","(A)","(C)","(E)","(A)","( )"
"","0750000021","52%","13","(D)","(B)","B","B","BC","B","D","(D)","(AC)","A","D","C","D","(C)","(D)","(B)","(D)","(D)","A","(A)","B","(C)","D","D","( )"
"","0750000022","44%","11","(E)","C","(C)","(D)","BC","B","D","(C)","(A)","A","(A)","(A)","D","(B)","(C)","(B)","A","(D)","(C)","B","B","(D)","D","(B)","C"
"","0750000023","48%","12","(C)","(D)","B","B","BC","B","D","B","(A)","A","(C)","(B)","D","(B)","(C)","(B)","(C)","(C)","A","B","(A)","A","D","(E)","(E)"
"","0760000001","80%","20","(E)","C","B","B","BC","B","D","B","(AC)","A","D","(B)","D","A","B","A","(D)","B","A","(A)","B","A","D","D","C"
"","0760000002","44%","11","B","C","(C)","B","(A)","B","D","(C)","(C)","(D)","D","(D)","(B)","A","(C)","(B)","A","(D)","A","B","(D)","(C)","(B)","D","(A)"
"","0760000003","84%","21","(E)","C","B","B","BC","B","D","B","AD","A","D","(B)","D","A","B","A","(D)","B","A","(A)","B","A","D","D","C"
"","0760000004","48%","12","(E)","(D)","B","B","(CD)","B","D","B","(A)","(D)","D","(D)","(A)","(C)","(C)","A","A","(C)","(C)","(A)","B","(B)","D","D","C"
"","0760000005","52%","13","(E)","(D)","B","(D)","BC","B","D","B","(A)","(D)","D","(D)","(C)","(B)","(A)","(B)","(C)","B","A","(A)","B","A","D","D","C"
"","0760000006","68%","17","(E)","C","B","B","BC","B","D","B","AD","A","D","C","(A)","(B)","(A)","(B)","A","B","( )","(C)","(A)","A","D","D","C"
"","0760000007","84%","21","( E)","C","B","B","BC","B","D","B","AD","A","D","( E)","D","A","B","A","(D)","B","A","( E)","B","A","D","D","C"
"","0760000008","40%","10","B","(B)","B","(A)","BC","B","D","(A)","(D)","A","(A)","(A)","(A)","(C)","(A)","A","(D)","( )","(C)","B","(A)","(D)","(C)","D","C"
"","0760000009","52%","13","(E)","(A)","(C)","B","BC","B","D","B","(AC)","A","(B)","(A)","(A)","A","(C)","A","(C)","(D)","A","B","B","(D)","D","D","(B)"
"","0780000001","48%","12","(D)","(B)","(C)","B","(AC)","B","D","B","AD","(B)","(A)","(B)","D","(C)","(A)","(B)","(D)","B","A","B","B","A","D","(C)","(B)"
"","0780000002","52%","13","B","C","B","B","BC","B","D","(A)","(A)","(B)","D","(B)","D","(C)","B","(B)","(C)","(D)","(C)","B","B","(D)","D","(A)","(B)"
"","0780000003","48%","12","(D)","C","B","B","BC","B","D","(D)","(CD)","(B)","D","(B)","(A)","(C)","(C)","A","(B)","(D)","(C)","B","B","A","D","(C)","(B)"
"","0800000","76%","19","(E)","C","(C)","(A)","BC","B","D","B","(A)","A","D","(B)","D","A","B","A","A","B","(C)","B","B","A","D","D","C"
"","0800000001","28%","7","(D)","(B)","(C)","B","(AC)","B","D","B","(A)","(D)","(B)","(A)","D","A","(C)","(B)","(D)","(D)","(C)","(A)","(C)","A","(C)","(B)","(A)"
"","0800000002","44%","11","(E)","C","B","(C)","(CD)","(D)","D","B","(AC)","A","(B)","(B)","(A)","A","(C)","(B)","(B)","B","(C)","B","B","A","D","(B)","(B)"
"","0800000004","60%","15","(E)","(B)","B","(C)","BC","B","D","B","AD","A","(C)","(B)","(A)","A","(C)","A","(B)","B","(C)","B","B","(C)","D","D","C"
"","0800000006","60%","15","(D)","(A)","(C)","(A)","(CD)","B","D","B","AD","A","D","(B)","D","(C)","B","(B)","A","B","(C)","B","B","(C)","D","D","C"
"","0800000007","56%","14","(D)","(B)","B","(A)","(BD)","B","D","B","AD","A","D","(A)","(A)","A","(A)","(B)","A","B","(C)","B","B","(D)","D","(B)","C"
"","0810000","28%","7","(CE)","C","B","(D)","(B)","B","(C)","(C)","(A)","A","D","(B)","D","(B)","(C)","(B)","(AD)","(C)","(B)","(C)","(A)","(B)","D","(C)","(D)"
"","0810000001","44%","11","(C)","(B)","(D)","B","BC","(A)","D","(A)","(A)","A","(C)","(B)","(A)","(D)","(D)","A","A","B","A","B","B","(-)","D","(A)","(D)"
"","0810000002","44%","11","(E)","(B)","(C)","B","BC","(D)","D","(A)","(ACD)","A","(C)","(B)","(A)","(D)","B","A","(D)","(D)","(C)","B","B","(D)","D","D","C"
"","0810000003","36%","9","B","C","(A)","(C)","(D)","B","(A)","B","(C)","(D)","(A)","(A)","D","(C)","B","(D)","A","(C)","(D)","(A)","B","(D)","(C)","D","(A)"
"","0810000006","20%","5","(D)","(D)","(A)","(C)","(AB)","B","(B)","(A)","(C)","(C)","(A)","(B)","(A)","(D)","(C)","A","(B)","B","(C)","(D)","(D)","(C)","(B)","D","C"
"","0810000007","80%","20","(BE)","C","B","(A)","BC","B","D","(C)","(A)","A","D","C","D","A","B","A","A","B","A","(-)","B","A","D","D","C"
"","0810000009","20%","5","(D)","(A)","B","(D)","(B)","B","D","(C)","(A)","(D)","(B)","(A)","(A)","A","(D)","(B)","(B)","(C)","(C)","B","(A)","(B)","(C)","(AC)","(BC)"
"","0810000011","48%","12","(C)","(B)","(A)","(C)","(D)","B","(C)","B","(A)","A","D","(A)","D","A","B","(D)","(C)","B","A","B","(A)","(B)","(A)","D","C"
"","0810000012","96%","24","B","C","B","(A)","BC","B","D","B","AD","A","D","C","D","A","B","A","A","B","A","B","B","A","D","D","C"
"","0810000013","40%","10","B","C","B","(A)","BC","(D)","(B)","(D)","(D)","(B)","(A)","(B)","(C)","A","B","A","(D)","(D)","A","(A)","B","(D)","(C)","(A)","C"
"","0810000014","56%","14","(DE)","(B)","(C)","(A)","BC","B","(C)","B","(A)","A","D","(A)","D","A","B","A","A","B","A","B","(D)","(B)","(A)","(C)","C"
"","0810000015","60%","15","(DE)","(B)","(C)","(A)","BC","B","D","(C)","(A)","(D)","(C)","(A)","D","(C)","B","A","A","B","A","B","B","A","D","D","C"
"","0810000017","76%","19","(E)","C","B","B","BC","B","D","(C)","AD","A","D","C","D","A","B","A","A","(C)","A","B","B","(D)","(A)","(B)","C"
"","0810000019","92%","23","(E)","C","B","(A)","BC","B","D","B","AD","A","D","C","D","A","B","A","A","B","A","B","B","A","D","D","C"
"","0810000020","44%","11","(BE)","C","B","(A)","BC","B","D","(C)","(A)","(D)","(A)","(B)","D","(B)","(C)","A","(C)","(D)","A","B","B","A","(B)","(B)","(D)"
"","0810000021","76%","19","(BDE)","C","B","(A)","(C)","B","(A)","B","(A)","A","D","C","D","A","B","A","(C)","B","A","B","B","A","D","D","C"
"","0810000022","80%","20","(BE)","C","B","(A)","BC","B","D","(C)","AD","(B)","D","C","D","A","B","A","A","B","A","B","B","A","D","(B)","C"
"","0810000023","4%","1","B","( )","( )","( )","( )","( )","( )","( )","(-)","( )","( )","( )","( )","( )","( )","( )","( )","( )","( )","( )","( )","( )","(-)","( )","( )"
"","0810000024","40%","10","B","(B)","(C)","(D)","(C)","B","D","(D)","(A)","A","(C)","C","D","A","(C)","(D)","(B)","(D)","(C)","B","(AD)","A","(B)","(B)","C"
"","0810000026","20%","5","( )","( )","( )","( )","( )","( )","( )","( )","( )","(B)","(C)","(D)","(A)","(C)","B","A","(D)","(C)","A","B","(A)","(C)","(B)","D","(B)"
"","0810000027","48%","12","(D)","(B)","B","(D)","(B)","B","D","(C)","(A)","(B)","D","C","D","A","(C)","(B)","A","B","(C)","B","B","A","(B)","(C)","(B)"
"","0810000028","56%","14","(D)","(B)","B","(A)","(B)","B","D","(C)","(A)","(B)","D","C","D","A","(C)","(B)","A","B","(C)","B","B","A","D","(A)","C"
"","0810000029","64%","16","(D)","C","B","(A)","BC","B","D","B","(A)","A","D","(D)","D","A","(C)","(B)","A","B","(C)","B","B","A","D","(C)","(A)"
"","0810000030","56%","14","(D)","C","B","(A)","BC","B","(BD)","( )","(A)","A","D","(D)","D","A","(C)","(B)","A","B","(C)","B","B","A","D","(C)","(A)"
"","0810000031","64%","16","(BDE)","C","B","(A)","BC","B","D","B","(ACD)","A","(A)","(A)","D","A","(A)","(B)","A","B","(B)","B","B","A","D","(C)","C"
"","0810000033","68%","17","(BDE)","C","B","(A)","BC","B","D","(D)","AD","A","(B)","(A)","D","(-)","B","A","A","B","A","(-)","B","A","D","(B)","C"
"","0810000035","24%","6","(C)","(D)","B","(D)","(CD)","(E)","(A)","(D)","AD","A","(C)","(A)","D","(D)","(A)","(D)","(B)","(D)","A","B","(A)","(D)","(A)","(B)","(E)"
"","0810000036","52%","13","(BDE)","C","B","B","(C)","B","D","(A)","( )","(B)","( )","( )","D","A","B","A","A","B","A","B","(D)","(B)","(A)","(AB)","(BD)"
"","0810000037","12%","3","(E)","(D)","B","(A)","BC","B","(B)","( )","( )","( )","( )","( )","( )","( )","( )","( )","( )","( )","( )","( )","( )","( )","( )","( )","( )"
"","0810000039","12%","3","(A)","(B)","(C)","(D)","(D)","(D)","(C)","B","(A)","(B)","(C)","(D)","( )","(D)","(C)","(B)","A","B","(C)","(D)","(D)","(D)","(C)","(B)","(A)"
"","0830000038","64%","16","(BE)","C","B","(A)","BC","B","D","(A)","AD","A","(A)","(B)","D","(D)","(C)","A","(C)","B","(C)","B","B","A","D","D","C"
"","0830000039","60%","15","(DE)","(B)","(C)","(A)","BC","B","D","(D)","(A)","A","D","(B)","D","(D)","(A)","A","(C)","B","A","B","B","A","D","D","C"
"","0830000040","60%","15","(BDE)","(B)","B","(A)","BC","B","D","(C)","(AC)","A","(C)","(D)","D","A","B","A","(C)","B","(C)","(A)","B","A","D","D","C"
"","0830000041","64%","16","(D)","(B)","B","(D)","BC","B","D","(C)","(C)","A","(C)","(B)","D","(B)","(C)","A","A","B","A","B","B","A","D","D","C"
"","0830000042","64%","16","B","C","B","(D)","BC","B","D","(D)","(AC)","(D)","D","C","(A)","(B)","(C)","A","(B)","B","A","B","B","(D)","D","D","C"
"","0830000043","60%","15","(D)","C","B","(A)","BC","B","D","(C)","AD","A","(A)","(B)","(A)","A","B","(B)","(B)","B","A","B","(BD)","(C)","D","D","C"
"","0830000044","52%","13","(E)","C","(C)","(D)","BC","(A)","D","(C)","AD","A","D","C","D","A","(A)","(B)","(C)","B","A","(A)","B","(B)","(A)","D","(B)"
"","0830000045","48%","12","(BDE)","(A)","(D)","(A)","BC","B","D","(C)","(A)","A","(A)","C","D","(AC)","( )","(B)","(C)","(A)","(C)","B","B","A","D","D","C"
"","0830000046","44%","11","(D)","C","B","(A)","BC","(A)","D","(C)","(ACD)","A","(B)","(A)","D","(C)","B","(B)","(B)","B","(C)","B","B","(D)","D","(C)","(B)"
"","0830000047","40%","10","(D)","(B)","B","(A)","BC","B","D","(C)","(AC)","A","(A)","(A)","(A)","(B)","(C)","A","(B)","(D)","(C)","B","B","(C)","D","D","(B)"
"","0830000048","40%","10","(D)","(B)","B","(A)","BC","(C)","D","(D)","(AC)","(B)","(A)","(B)","(A)","(D)","(C)","(B)","A","B","(D)","B","B","(D)","D","D","C"
"","0860000001","64%","16","(E)","C","(C)","B","BC","B","D","(C)","(AC)","A","D","(B)","D","(B)","B","A","(D)","B","A","(A)","B","(C)","D","D","C"
"","0860000002","36%","9","(BDE)","C","(C)","B","(C)","(D)","(B)","(A)","(AC)","(B)","D","(A)","D","(C)","B","(D)","(B)","B","(C)","B","(D)","(B)","(C)","D","C"
"","0860000004","52%","13","(AE)","C","B","B","BC","(D)","(C)","(D)","(AC)","A","(C)","C","D","(B)","(C)","A","(D)","B","A","(A)","B","(C)","D","D","(B)"
"","0860000005","76%","19","(E)","C","(C)","B","BC","B","D","B","(AC)","A","D","C","D","(B)","B","A","(D)","B","A","B","B","(C)","D","D","C"
"","0860000006","60%","15","(BE)","C","B","B","BC","(C)","D","B","(AB)","A","(C)","(B)","(C)","(B)","B","A","(D)","B","A","(A)","B","(D)","D","D","C"
"","0860000007","40%","10","(BDE)","C","(C)","(A)","BC","B","(C)","B","(AC)","(C)","(B)","C","D","(B)","(C)","A","(D)","B","(B)","(A)","B","(C)","D","(C)","(B)"
"","0860000008","52%","13","(E)","C","B","(D)","BC","B","(B)","(C)","AD","(B)","(C)","(A)","D","(B)","B","(C)","A","B","(D)","B","(C)","A","(B)","D","C"
"","0870000001","52%","13","B","C","B","(A)","(B)","(C)","D","(C)","(A)","A","D","(B)","D","(C)","(C)","A","A","(C)","A","(A)","(C)","A","(B)","D","C"
"","0870000002","32%","8","(A)","C","(D)","(D)","BC","(C)","(C)","(A)","(ACD)","(B)","(C)","C","D","A","(D)","(B)","(AD)","(D)","(B)","(A)","B","(B)","D","(B)","C"
"","0870000003","36%","9","B","C","(D)","(D)","(CD)","(E)","(C)","(D)","(ACD)","A","(C)","(A)","D","(D)","B","A","(C)","(D)","A","B","(C)","A","(B)","(C)","(D)"
"","0870000004","40%","10","B","C","(D)","(D)","(C)","(E)","(C)","(D)","(ACD)","A","(C)","(A)","D","(D)","B","A","(C)","(D)","A","B","(C)","A","(B)","(C)","C"
"","0870000005","44%","11","B","C","B","( )","( )","B","D","(D)","(D)","A","D","(A)","(A)","(B)","(D)","(B)","(D)","(D)","(C)","(A)","B","A","D","(B)","C"
"","0870000006","52%","13","B","(A)","B","B","BC","B","(C)","(D)","(AC)","A","(C)","(A)","(AD)","(D)","B","A","(C)","(D)","A","B","(A)","A","(C)","D","C"
"","0870000007","48%","12","B","(D)","(A)","(D)","(BD)","(C)","D","B","(C)","A","D","(A)","(A)","(AD)","B","(B)","(D)","B","A","B","B","( )","D","D","(-)"
"","0870000008","36%","9","B","(B)","B","(D)","BC","(C)","D","(C)","(A)","(B)","(A)","(B)","(A)","(B)","(A)","(B)","(C)","B","(C)","B","(A)","A","(A)","D","C"
"","0870000009","60%","15","(E)","(A)","(C)","B","BC","(A)","D","(A)","(A)","A","D","(AC)","D","A","B","(C)","A","B","(C)","(A)","B","A","D","D","C"
"","0870000010","20%","5","(A)","(B)","(C)","(D)","(C)","B","(A)","B","(C)","(D)","(C)","(B)","(A)","(B)","(C)","(D)","(C)","B","A","B","(C)","(D)","(C)","(B)","(A)"
"","0870000011","52%","13","(E)","C","(A)","(D)","(BD)","(A)","D","B","(A)","(AC)","(B)","(A)","D","A","B","(C)","A","B","(C)","B","B","A","D","D","(B)"
"","0870000012","40%","10","B","(B)","B","B","(A)","B","(B)","B","(ACD)","A","(A)","(D)","D","(C)","(A)","(B)","A","B","A","(A)","(C)","(C)","(B)","(A)","(B)"
"","0870000013","64%","16","B","C","(C)","B","BC","B","D","(C)","(A)","A","D","(A)","D","(B)","(C)","(B)","A","B","A","(A)","B","(D)","D","D","C"
"","0870000014","32%","8","B","(D)","(A)","(D)","(D)","B","(A)","B","(AC)","(C)","(B)","(A)","D","(C)","(D)","A","A","(D)","(C)","B","(A)","(D)","(A)","D","(D)"
"","0870000015","56%","14","(BE)","(A)","(A)","B","(BD)","B","D","(C)","(A)","A","D","C","(A)","(D)","(D)","A","A","B","A","(A)","B","(D)","D","D","C"
"","0870000016","40%","10","(E)","(B)","B","(C)","(BD)","B","D","(D)","AD","(C)","(C)","(A)","(A)","(C)","(A)","(B)","(C)","B","A","B","B","A","(B)","D","(B)"
"","0870000017","56%","14","B","(B)","B","B","(D)","B","(B)","(D)","(A)","A","(C)","(A)","D","A","(D)","(D)","(C)","B","A","B","(A)","A","D","D","C"
"","0870000018","44%","11","B","(A)","(A)","B","BC","(D)","D","B","(AC)","A","D","(B)","(A)","(BD)","(D)","(C)","(D)","B","A","(A)","B","(D)","D","(C)","(D)"
"","0870000019","28%","7","(ACE)","(B)","(D)","B","(A)","B","(A)","(D)","(C)","(B)","D","(A)","(C)","(B)","(A)","(D)","A","B","(D)","B","(D)","A","(C)","(B)","(D)"
"","0870000020","40%","10","B","C","B","(C)","(D)","(C)","(C)","(A)","AD","A","(B)","(A)","(A)","(B)","(C)","(B)","(C)","(C)","A","(A)","B","(B)","D","D","C"
"","0870000021","52%","13","(BDE)","(B)","B","(C)","BC","B","(A)","(D)","(AC)","A","D","(A)","(A)","(D)","(C)","(B)","A","B","A","B","B","(C)","D","D","C"
"","0870000022","36%","9","(BDE)","(D)","B","B","BC","(C)","(A)","(C)","(C)","(D)","(B)","(B)","(A)","A","B","A","A","B","(D)","B","(C)","(AD)","(B)","(B)","(B)"
"","0880000010","60%","15","(E)","C","(C)","(A)","BC","B","D","(C)","(A)","A","D","(D)","D","A","(A)","(B)","(C)","B","A","B","B","(D)","D","D","C"
"","0880000012","56%","14","B","C","(C)","(C)","(CD)","B","(C)","(D)","(A)","(D)","D","(B)","(A)","(B)","B","A","A","B","A","B","B","(C)","D","D","C"
"","0880000014","48%","12","B","(A)","(C)","B","BC","B","D","(E)","(C)","(E)","(B)","(A)","(C)","(B)","(A)","(C)","(D)","B","A","B","B","(D)","D","D","C"
"","0880000016","48%","12","B","(B)","B","(A)","(BD)","(D)","D","(C)","(A)","(D)","D","C","D","(C)","(C)","(B)","(C)","B","A","(A)","B","(C)","D","D","C"
"","0900000046","36%","9","(D)","C","(C)","(D)","(C)","B","D","(A)","(A)","(C)","D","(A)","(C)","(B)","B","A","(B)","(A)","(C)","B","(A)","(D)","(B)","D","C"
"","0900000050","44%","11","(C)","(A)","(C)","B","(C)","(D)","D","(A)","(A)","(C)","(A)","(B)","D","(C)","B","A","(D)","B","A","(A)","B","(C)","D","D","C"
"","0900000051","68%","17","B","(B)","B","(A)","BC","B","D","(D)","(ACD)","A","D","C","(A)","A","(C)","(B)","(D)","B","A","B","B","A","D","D","C"
"","0900000053","48%","12","(BDE)","C","B","(A)","BC","(A)","D","(C)","(A)","(D)","(A)","(B)","(C)","(C)","(D)","(B)","A","B","A","(A)","B","A","D","D","C"
"","0900000057","44%","11","(BDE)","(B)","(A)","(C)","(BD)","(C)","D","B","(AC)","(D)","D","(B)","(C)","(B)","(C)","(-)","A","B","A","B","B","A","D","(B)","C"
"","0950000000","64%","16","(D)","(B)","B","(A)","BC","B","D","B","(A)","A","D","(B)","(A)","(C)","B","A","A","B","A","(A)","B","(B)","D","D","C"
"","0950000080","24%","6","(D)","(D)","(D)","B","(AC)","B","(A)","(D)","(AC)","(D)","(C)","(D)","(A)","(B)","B","(B)","A","(D)","(C)","(A)","(A)","(D)","D","(C)","C"
"","0950000081","60%","15","B","(A)","B","B","BC","B","D","(A)","(A)","(D)","(C)","(A)","( E)","(D)","B","(C)","A","(D)","A","B","B","A","D","D","C"
"","0950000082","56%","14","B","(A)","B","(A)","BC","B","D","B","( E)","(D)","D","(A)","(E)","(B)","B","(C)","A","(D)","A","(A)","B","A","D","D","(B)"
"","0950000084","72%","18","B","(B)","B","(C)","(B)","(A)","D","B","AD","A","D","(B)","D","A","B","A","A","(D)","A","(A)","B","A","D","D","C"
"","0950000085","48%","12","( E)","(D)","B","(D)","BC","(C)","D","(A)","(A)","(B)","D","C","(A)","(B)","(D)","A","A","B","A","(A)","B","(B)","D","D","(D)"
"","0950000086","44%","11","(E)","(B)","B","B","BC","B","D","(C)","(E)","(C)","D","(B)","D","(B)","(C)","(C)","(C)","B","A","B","B","(C)","(A)","(A)","(B)"
"","0950000088","36%","9","B","(D)","B","(D)","BC","B","(A)","(C)","(A)","(D)","(A)","(B)","(A)","(C)","B","A","A","(D)","A","B","(A)","(D)","(C)","(C)","(A)"
"","0950000089","40%","10","(E)","(D)","(D)","(C)","(CD)","B","D","(C)","(A)","(D)","(A)","C","(A)","A","B","(C)","A","B","A","B","(C)","A","(C)","(A)","(A)"
"","0950000090","48%","12","(E)","(B)","B","B","BC","B","D","(C)","(E)","(C)","D","C","D","(B)","(C)","(D)","(B)","B","A","B","(C)","A","(B)","(A)","(B)"
"","0950000091","64%","16","(E)","C","B","(A)","BC","B","(C)","(D)","AD","A","(A)","(B)","D","A","B","(B)","A","(D)","(C)","B","B","A","D","D","C"
"","0950000092","56%","14","( E)","C","B","(A)","BC","(C)","D","(D)","AD","(C)","D","(B)","(A)","(B)","(A)","(D)","A","B","(C)","B","B","A","D","D","C"
"","0950000093","64%","16","(D)","(B)","B","(C)","BC","B","D","(C)","(A)","A","D","(B)","D","A","B","(B)","A","B","A","(A)","B","A","(A)","D","C"
"","0960000031","44%","11","B","(B)","(C)","B","(B)","B","D","(C)","AD","A","(B)","(D)","(A)","(C)","(C)","A","(B)","(D)","A","(A)","B","(C)","D","D","(A)"
"","0960000064","28%","7","(C)","(A)","(D)","(C)","(AB)","( E)","D","(C)","(C)","(E)","(A)","C","(E)","A","B","A","(D)","(C)","(D)","B","(D)","(D)","(C)","(A)","C"
"","0960000068","44%","11","(D)","C","(C)","B","(C)","(D)","(C)","(C)","(A)","(B)","D","(A)","(A)","(D)","(C)","A","(D)","B","A","B","B","(D)","D","D","C"
"","0960000091","52%","13","B","(A)","B","(A)","BC","B","D","(D)","(E)","A","(A)","(A)","D","(B)","(C)","(B)","A","(D)","A","(A)","B","(D)","D","D","C"
"","0970000001","40%","10","(E)","(A)","(E)","B","(B)","(E)","D","B","(-E)","A","( E)","( )","( E)","( )","(D)","(C)","A","( )","(C)","B","B","(D)","D","D","C"
"","0970000002","60%","15","(D)","(B)","B","(D)","BC","B","D","B","(A)","A","(A)","(D)","D","A","(D)","A","(C)","(C)","(C)","B","B","A","D","D","C"
"","0970000003","72%","18","B","C","B","B","BC","(A)","D","B","(A)","A","(B)","(A)","D","(B)","(A)","A","A","B","A","B","B","A","(B)","D","C"
"","0970000004","68%","17","(D)","C","B","B","BC","(A)","D","B","(A)","A","(A)","(A)","D","(B)","(A)","A","A","B","A","B","B","(C)","D","D","C"
"","0970000005","56%","14","(E)","(B)","B","(D)","BC","B","(E)","B","(A)","(E)","(A)","(B)","D","A","(D)","A","(C)","B","(C)","B","B","A","D","D","C"
"","0970000006","60%","15","(D)","(B)","B","(D)","BC","B","D","B","(A)","A","(A)","(B)","D","A","(D)","A","(C)","(C)","(C)","B","B","A","D","D","C"
"","0970000007","16%","4","(D)","( )","( )","( )","(D)","( )","D","( )","( )","( )","( )","( )","( )","( )","(C)","A","(B)","( )","(B)","( )","B","( )","(C)","( )","C"
"","1010000131","60%","15","(D)","C","(C)","(D)","BC","(D)","D","B","(E)","A","(A)","(B)","D","A","(C)","A","A","(D)","A","(A)","B","A","D","D","C"
"","1010000133","40%","10","(D)","(B)","B","(A)","(C)","(A)","(B)","(A)","(A)","A","D","(A)","(A)","(D)","(C)","(B)","A","(D)","A","B","B","(D)","D","D","C"
"","1010000134","64%","16","(E)","C","(C)","B","BC","B","D","(D)","(E)","A","D","(B)","D","(C)","B","(B)","A","B","(C)","B","B","(D)","D","D","C"
"","1010000142","64%","16","(E)","C","B","B","(BD)","B","D","B","(E)","A","(C)","(A)","D","A","(C)","(B)","A","(D)","A","(A)","B","A","D","D","C"
"","1010000143","60%","15","(E)","(B)","B","B","BC","(D)","D","B","AD","A","(B)","(B)","(C)","(B)","( )","(B)","A","(D)","A","B","B","A","D","D","C"
"","1010000144","48%","12","(D)","(D)","B","(A)","(C)","(D)","D","(D)","(A)","A","(A)","(A)","D","(B)","(C)","A","A","(D)","A","B","B","A","(B)","D","C"
"","1010000145","52%","13","(E)","(A)","B","(A)","BC","B","D","(A)","(A)","A","(C)","(A)","D","(B)","(A)","A","A","(D)","(C)","(A)","B","A","D","D","C"
"","1030000002","64%","16","(D)","(B)","B","(A)","BC","B","D","B","AD","(D)","D","(A)","(A)","A","B","(C)","A","B","A","(A)","B","(B)","D","D","C"
"","1030000005","28%","7","(E)","(B)","(C)","(C)","BC","(D)","D","(D)","AD","A","D","(A)","(C)","(C)","(A)","A","(D)","(D)","A","(A)","(A)","(C)","(B)","(C)","(D)"
"","1030000008","72%","18","(BE)","(B)","(C)","B","BC","B","D","B","AD","A","(A)","(B)","D","A","(A)","(B)","A","B","A","B","B","A","D","D","C"
"","1030000011","52%","13","(BE)","(B)","B","(A)","BC","B","D","(D)","AD","(B)","(A)","(A)","(C)","A","B","(B)","A","(D)","A","(A)","B","(B)","D","D","C"
"","1030000014","44%","11","(E)","(D)","B","(D)","BC","B","D","(C)","AD","A","(A)","(A)","D","(D)","(A)","A","(D)","(D)","A","B","(D)","A","(A)","(A)","(B)"
"","1030000017","36%","9","(E)","C","(C)","(D)","(BD)","(D)","D","(A)","AD","A","(B)","(A)","(C)","(D)","B","(C)","(B)","(D)","A","B","(C)","(D)","(C)","D","C"
"","1030000020","44%","11","(BDE)","(A)","B","(C)","BC","B","D","(C)","AD","(D)","(B)","(B)","(B)","A","B","A","A","(D)","(B)","(A)","(A)","(B)","(B)","D","C"
"","1030000023","32%","8","(BDE)","(B)","B","(D)","(B)","(D)","(A)","B","AD","(-)","(A)","C","(A)","A","B","(-)","(-)","B","A","(-)","(A)","(C)","(-)","(-)","(-)"
"","1030000026","52%","13","(E)","(D)","B","(C)","BC","B","(A)","(A)","AD","(D)","D","(A)","D","(B)","(A)","A","(D)","(D)","A","(A)","B","A","D","D","C"
"","1030000029","64%","16","(D)","(B)","B","(A)","(CD)","B","(A)","B","AD","(C)","D","C","(A)","(B)","B","(B)","A","B","A","B","B","A","D","D","C"
"","1030000033","60%","15","(BDE)","(B)","B","(A)","BC","B","D","(D)","AD","(B)","(B)","(B)","(B)","A","B","A","A","B","A","B","B","(C)","D","D","(A)"
"","1030000035","40%","10","(BE)","(A)","(C)","(D)","BC","B","D","(A)","AD","A","D","(A)","(A)","(B)","B","A","A","(D)","(C)","(A)","(A)","(B)","(A)","(A)","C"
"","1030000037","28%","7","(BE)","(B)","B","(D)","(CD)","B","(C)","(C)","AD","A","(A)","(B)","D","(C)","(D)","A","(C)","B","(C)","(A)","(C)","(B)","(B)","(C)","(A)"
"","1070000","92%","23","(E)","C","B","B","BC","B","D","B","AD","A","D","(B)","D","A","B","A","A","B","A","B","B","A","D","D","C"
"","1170000001","48%","12","(D)","(B)","(C)","B","BC","B","D","(C)","(A)","(B)","D","C","(A)","(D)","(D)","(B)","(C)","B","(C)","B","B","(C)","D","D","C"
"","1170000002","44%","11","B","(B)","(A)","(C)","BC","B","D","B","(A)","(C)","(C)","(A)","(C)","A","(D)","(B)","(C)","B","(C)","(A)","B","(D)","D","D","C"
"","1170000003","56%","14","(D)","C","B","B","BC","(D)","D","(C)","AD","(C)","D","C","(A)","(B)","(A)","A","(E)","B","(C)","(A)","B","(C)","D","D","C"
"","1170000004","64%","16","B","(B)","B","(C)","(A)","B","D","(C)","(A)","(B)","D","(D)","(C)","A","B","A","A","B","A","B","B","(D)","D","D","C"
"","1170000005","52%","13","B","(D)","B","B","(C)","B","D","(C)","(A)","(B)","(A)","(A)","(C)","(B)","(D)","A","A","B","(C)","B","B","(C)","D","D","C"
"","1170000006","32%","8","B","(A)","(D)","B","BC","(C)","(B)","(D)","(C)","(C)","D","(D)","(B)","(C)","(D)","A","(C)","B","(D)","(C)","(D)","(C)","(B)","D","C"
"","1170000007","56%","14","B","(D)","(C)","B","(AB)","(D)","D","(A)","(A)","(B)","D","C","(A)","A","(C)","(B)","A","B","(C)","B","B","A","D","D","C"
"","1170000008","52%","13","(E)","(A)","B","B","(AC)","(D)","D","(C)","(E)","(B)","D","C","D","A","B","A","A","(D)","(C)","(A)","B","(D)","(B)","D","C"
"","1170000009","56%","14","B","(B)","(D)","B","(AB)","B","D","(D)","(AC)","(C)","D","(B)","(C)","(B)","(D)","A","(B)","B","A","B","B","A","D","D","C"
"","1170000010","28%","7","(C)","(B)","(C)","(D)","(D)","(D)","(C)","B","(A)","(B)","(A)","C","(C)","(D)","(D)","(C)","(B)","B","(C)","B","B","(D)","D","(B)","C"
"","1170000011","40%","10","(D)","(A)","B","(D)","(A)","(C)","D","(D)","(A)","(B)","D","C","(C)","(B)","(D)","(B)","(C)","B","A","B","B","(D)","D","(B)","C"
"","1170000012","52%","13","B","(D)","(C)","B","(AB)","B","D","B","(A)","(B)","(C)","(A)","(A)","A","(D)","A","(D)","B","A","B","B","A","D","(B)","(A)"
"","1200000","0%","0","( )","( )","( )","( )","( )","( )","( )","( )","( )","( )","( )","( )","( )","( )","( )","( )","( )","( )","( )","( )","( )","( )","( )","( )","( )"
"","1200000000","56%","14","B","(B)","B","(D)","BC","B","D","(D)","(A)","A","(A)","(D)","(A)","(B)","B","A","A","B","A","B","B","(C)","(A)","D","(B)"
"","1200000001","44%","11","(A)","(D)","B","(C)","(BD)","(C)","D","(D)","(A)","(D)","D","(A)","D","(B)","(C)","(B)","( E)","B","A","B","B","(D)","D","D","C"
"","1200000002","16%","4","(C)","(D)","(D)","(D)","(CD)","(D)","(A)","(C)","(AC)","A","(B)","(A)","D","(B)","( )","(D)","(B)","(A)","A","(A)","(A)","(B)","(B)","D","(A)"
"","1200000003","56%","14","( E)","C","B","B","BC","B","D","(C)","(E)","A","D","C","D","(D)","(A)","A","(C)","(D)","( )","( )","B","(C)","D","D","(A)"
"","1200000004","52%","13","B","C","B","B","BC","B","D","(C)","(A)","(D)","D","(B)","(A)","A","(C)","A","(B)","(D)","A","(A)","B","(C)","D","(C)","(A)"
"","1200000005","36%","9","B","(A)","(A)","(D)","(A)","(D)","D","(D)","(CD)","(C)","(B)","(B)","(A)","(B)","(D)","(B)","A","B","A","B","B","(C)","D","(A)","C"
"","1200000006","36%","9","( E)","C","B","(D)","(CD)","(C)","D","(D)","AD","(C)","(C)","(A)","D","(B)","(D)","A","A","B","A","( )","( )","( )","( )","( )","( )"
"","1200000007","24%","6","B","(A)","B","(D)","(AB)","(A)","(C)","(C)","(A)","(B)","(C)","(A)","D","(B)","B","(B)","(B)","B","(B)","B","( )","( )","( )","( )","( )"
"","1200000008","64%","16","(D)","C","B","B","BC","(D)","D","(C)","(D)","A","D","(B)","D","A","(C)","A","A","B","A","B","B","(D)","D","(A)","(D)"
"","1200000009","56%","14","(D)","C","B","B","(C)","B","D","(D)","(E)","A","D","(B)","(A)","A","(C)","A","A","(D)","A","B","(C)","(C)","(B)","D","C"
"","1200000011","56%","14","(D)","C","B","B","BC","(C)","D","(C)","(A)","(B)","D","(B)","(C)","A","B","(B)","A","B","A","B","B","(C)","D","(A)","(B)"
"","1200000012","40%","10","(E)","(B)","B","(D)","(D)","B","D","(D)","(A)","(D)","(C)","(A)","(C)","(B)","B","(B)","(B)","(C)","A","B","B","(D)","D","D","C"
"","1200000013","48%","12","(C)","(D)","(C)","B","(A)","B","(E)","(A)","(E)","(B)","D","(B)","(B)","A","(D)","(B)","A","B","A","(A)","B","A","D","D","C"
"","1200000014","36%","9","(E)","(D)","B","(D)","(AD)","(A)","(A)","(C)","(C)","(B)","D","(A)","D","(C)","B","A","(B)","B","A","B","(A)","(B)","(B)","(C)","C"
"","1200000015","40%","10","B","C","B","(D)","(B)","(D)","(A)","(D)","(A)","(C)","D","(B)","(C)","(D)","B","A","(B)","(D)","A","(A)","B","(D)","D","(A)","C"
"","1200000016","68%","17","B","C","B","(A)","BC","B","D","(D)","(A)","(B)","D","C","(A)","A","(C)","(C)","(C)","B","A","B","B","A","D","D","C"
"","1200000017","32%","8","(C)","(D)","B","(A)","BC","(C)","D","(C)","(C)","(B)","(A)","(A)","(C)","A","B","(D)","(D)","B","(B)","B","(A)","(C)","(B)","(C)","C"
"","1200000018","76%","19","( E)","C","(C)","B","BC","B","D","(A)","AD","(B)","D","(B)","D","A","(C)","A","A","B","A","B","B","A","D","D","C"
"","1200000019","56%","14","(E)","C","(A)","B","BC","B","D","(C)","(E)","(C)","(B)","C","D","A","(A)","(B)","(D)","B","A","B","(D)","A","D","(A)","C"
"","1200000020","52%","13","( E)","(D)","B","(C)","BC","(D)","D","(D)","AD","(C)","D","(B)","D","(B)","(C)","A","(C)","B","A","(A)","(C)","A","D","D","C"
"","1200000021","16%","4","B","(A)","( )","( )","(BD)","B","( )","(D)","(-E)","(D)","D","(B)","(A)","( )","( )","(B)","( )","( )","A","( )","( )","( )","( )","(B)","( )"
"","1200000022","8%","2","(D)","( )","B","( )","(A)","(A)","(B)","( )","(D)","(B)","(C)","( )","(C)","A","(D)","( )","(B)","( )","( )","( )","( )","(B)","( )","(C)","(A)"
"","1250000125","32%","8","( )","( )","( )","( )","( )","( )","( )","( )","( )","( )","( )","( )","( )","(D)","( )","( )","(B)","B","A","B","B","A","D","D","C"
"","1300000","48%","12","(E)","(A)","B","B","(CD)","B","D","(A)","(D)","(C)","(A)","(B)","D","(B)","(C)","A","(C)","B","A","B","B","A","(C)","(A)","C"
"","1300000002","48%","12","(D)","(A)","B","B","(CD)","(C)","D","(C)","AD","(B)","D","(A)","(A)","(C)","(A)","A","(D)","B","A","B","B","(C)","D","D","(A)"
"","1300000003","60%","15","(E)","C","B","B","BC","(C)","D","B","(E)","A","(C)","(A)","D","A","(D)","(B)","(B)","B","(C)","B","B","(B)","D","D","C"
"","1300000005","44%","11","(E)","(D)","(C)","(A)","BC","B","D","B","(A)","A","(A)","(A)","D","(B)","(A)","A","(B)","(D)","A","B","B","(D)","D","(C)","(D)"
"","1300000006","44%","11","(D)","C","B","B","(CD)","B","(A)","(D)","(CD)","(B)","(A)","(B)","D","(C)","(D)","A","(D)","(C)","A","B","B","(C)","D","D","(A)"
"","1300000008","56%","14","( E)","C","B","B","BC","(A)","D","(D)","(A)","(C)","D","(D)","D","(B)","(C)","(D)","A","(C)","A","B","B","(D)","D","D","C"
"","1300000009","44%","11","(E)","(B)","(A)","B","(CD)","B","D","B","(E)","(B)","(B)","(D)","(A)","(C)","B","A","A","(C)","(C)","(A)","B","(C)","D","D","C"
"","1300000011","64%","16","B","C","B","(C)","BC","B","D","B","AD","(B)","D","(A)","(C)","(B)","(A)","(B)","A","B","A","B","B","(C)","D","(A)","C"
"","1300000012","64%","16","(D)","C","(C)","B","(CD)","(D)","D","B","AD","A","D","(B)","(A)","(B)","B","A","(C)","B","A","B","B","(D)","D","D","C"
"","1300000014","4%","1","(D)","(D)","(D)","(D)","(D)","(D)","D","( )","( )","( )","( )","( )","( )","( )","( )","( )","( )","( )","( )","( )","( )","( )","( )","( )","( )"
"","1300000015","52%","13","( E)","C","(C)","(D)","BC","(C)","D","B","(E)","A","D","(B)","(A)","(C)","(A)","(B)","A","B","A","( )","B","(B)","D","D","C"
"","1300000016","44%","11","B","C","B","B","BC","(C)","D","(C)","AD","(C)","(B)","(B)","(C)","(B)","B","(B)","(D)","B","A","B","(A)","(D)","(B)","(A)","(B)"
"","1300000017","44%","11","(C)","(B)","(A)","B","BC","B","D","B","(C)","A","D","C","(A)","A","(D)","(B)","(D)","(C)","(C)","(A)","B","A","(C)","(B)","(D)"
"","1300000018","56%","14","(D)","(B)","B","B","BC","B","D","B","(E)","A","D","(B)","(B)","(B)","(A)","(D)","(C)","B","(C)","B","B","(D)","D","D","C"
"","1300000020","28%","7","(E)","(A)","B","(D)","(B)","(C)","(B)","(D)","(E)","(D)","(B)","(B)","D","(C)","(A)","A","A","(D)","A","(A)","B","(C)","D","(E)","(E)"
"","1300000021","52%","13","(E)","(B)","B","B","BC","B","D","(C)","AD","(C)","D","(D)","D","A","(A)","(D)","(B)","B","A","B","(C)","(D)","D","(A)","(B)"
"","1300000022","16%","4","(D)","(D)","(C)","(D)","BC","(D)","(A)","B","(C)","(C)","(A)","(B)","( )","A","(D)","(C)","(B)","(D)","A","(C)","(C)","(B)","(B)","(C)","(D)"
"","1300000023","60%","15","B","(B)","B","(A)","BC","B","D","(C)","AD","A","(A)","(A)","D","A","(A)","(B)","A","(D)","(C)","B","B","A","D","(A)","C"
"","1300000024","36%","9","(E)","(D)","B","(A)","BC","(A)","D","(A)","(A)","(C)","(C)","(A)","D","(B)","(C)","(C)","A","B","A","B","(A)","(C)","D","(B)","(A)"
"","1330000007","72%","18","B","C","B","(A)","BC","B","D","B","(A)","A","(C)","(B)","D","(B)","B","A","(D)","B","A","B","B","(D)","D","D","C"
"","1340000030","72%","18","(E)","C","B","B","BC","B","D","B","AD","(D)","(A)","C","D","A","(A)","(B)","A","(D)","(C)","B","B","A","D","D","C"
"","1340000040","56%","14","( E)","(D)","(C)","(C)","BC","B","D","B","(A)","A","(C)","C","D","(D)","(C)","(D)","(D)","B","A","B","B","(C)","D","D","C"
"","1340000046","28%","7","( E)","(A)","(C)","(C)","(BD)","B","D","(A)","(A)","(B)","(A)","C","(A)","A","(C)","A","(D)","B","(C)","(A)","B","(D)","(C)","(A)","(D)"
"","1340000048","52%","13","( E)","(A)","(C)","B","BC","B","D","(D)","(A)","(C)","(A)","C","D","A","(D)","(B)","A","B","A","B","B","(D)","D","(A)","(D)"
"","1340000059","52%","13","( E)","(B)","(D)","(D)","BC","B","D","B","(A)","(B)","(C)","C","D","(C)","(D)","(B)","A","B","A","B","B","A","D","(A)","(D)"
"","1340000132","20%","5","B","(D)","(C)","(D)","(A)","(D)","(A)","(D)","(C)","(D)","(C)","(A)","D","(B)","(C)","A","(C)","(C)","A","B","(A)","(D)","(C)","(A)","(A)"
"","1340000133","48%","12","(D)","(D)","(C)","(C)","(D)","B","D","(D)","(A)","(C)","(B)","C","D","(B)","B","A","(B)","(C)","A","B","B","A","D","(C)","C"
"","1350000001","44%","11","(D)","C","B","B","(C)","B","(A)","(D)","(A)","(D)","(A)","(D)","(C)","(B)","B","A","(B)","B","(C)","B","B","(E)","D","D","(B)"
"","1350000002","48%","12","B","C","(C)","(D)","(C)","B","D","B","(A)","A","D","(A)","D","A","B","(B)","(D)","(C)","(C)","(A)","B","(D)","(B)","(B)","C"
"","1350000003","40%","10","B","(D)","B","(D)","(B)","B","D","(A)","(A)","(D)","(A)","(B)","D","A","(C)","(B)","A","B","(C)","(A)","(A)","(D)","(C)","D","C"
"","1350000004","48%","12","(D)","C","(C)","B","(BD)","(A)","D","(C)","(C)","A","D","(B)","D","A","(C)","(B)","(D)","B","(C)","B","(D)","A","(C)","D","C"
"","1350000005","32%","8","B","C","(C)","(D)","(B)","B","D","(A)","(D)","(D)","(C)","(A)","(A)","(B)","(D)","(B)","A","(D)","(C)","B","B","(C)","D","(B)","(A)"
"","1350000006","40%","10","B","(D)","(C)","B","(AC)","B","D","(C)","AD","A","(B)","(B)","D","(D)","(D)","(C)","(D)","(D)","A","(A)","B","(C)","D","(C)","(B)"
"","1350000007","40%","10","(C)","(B)","(A)","(C)","(B)","B","D","B","(C)","(B)","D","(A)","(C)","(D)","B","A","A","(D)","(D)","B","(A)","(C)","(B)","D","C"
"","1350000008","36%","9","(D)","(A)","B","(A)","(CD)","(C)","D","(C)","(A)","A","(B)","(A)","D","A","B","A","(B)","(C)","(C)","(A)","(C)","(D)","(B)","D","C"
"","1350000009","56%","14","(D)","C","B","B","(AD)","B","D","B","(A)","A","D","C","D","(C)","(C)","(B)","(D)","B","(C)","B","(D)","(B)","(C)","D","C"
"","1350000010","56%","14","(D)","(D)","(C)","B","(AD)","B","D","B","(A)","A","D","C","D","(C)","(C)","(B)","A","B","(C)","B","(A)","(B)","D","D","C"
"","1350000011","40%","10","(D)","C","(D)","B","(AB)","B","D","(C)","(D)","A","D","(D)","(C)","A","(C)","(B)","A","(C)","(C)","(A)","(D)","(D)","(C)","D","C"
"","1380000","28%","7","(E)","C","B","B","(BD)","(D)","D","(A)","(A)","(D)","(B)","(B)","(A)","(D)","B","(B)","A","(D)","(C)","B","(A)","(C)","(B)","(C)","(A)"
"","5","16%","4","( )","( )","( )","( )","( )","( )","( )","( )","( )","( )","( )","( )","( )","( )","( )","( )","( )","( )","( )","( )","( )","A","D","D","C"
