"Student Name","Student ID","Grade","Mark (out of 25)","Q1","Q2","Q3","Q4","Q5","Q6","Q7","Q8","Q9","Q10","Q11","Q12","Q13","Q14","Q15","Q16","Q17","Q18","Q19","Q20","Q21","Q22","Q23","Q24","Q25"
"Key and average","","58.31%","14.6","BD","C","B","B","BC","B","D","BC","C","AB","A","A","D","B","A","C","D","B","B","A","B","A","D","D","C"
"Weight","","","25","1","1","1","1","1","1","1","1","1","1","1","1","1","1","1","1","1","1","1","1","1","1","1","1","1"
"Common Answer","","","","BD","C","B","B","BC","B","D","BC","C","A","A","A","D","B","A","C","D","B","C","A","B","A","D","D","C"
"Correct Students (out of 258)","","","","120","116","165","87","149","113","217","142","241","60","200","186","155","149","123","176","214","156","66","115","206","90","183","163","169"
"","0140000021","52%","13","BD","(A)","(C)","B","BC","(A)","D","(E)","C","(E)","A","A","(C)","(A)","(B)","C","D","(D)","(C)","(D)","B","A","D","D","(D)"
"","0140000022","68%","17","BD","(A)","(D)","B","BC","B","D","BC","C","AB","A","(C)","(C)","B","(C)","(A)","D","(A)","(C)","A","B","A","D","D","C"
"","0310000091","72%","18","BD","C","B","B","BC","B","D","(B)","C","(A)","A","(D)","D","(C)","(C)","C","D","(C)","B","(B)","B","A","D","D","C"
"","0310000092","80%","20","BD","C","B","(A)","BC","B","D","(AB)","C","AB","A","A","D","B","A","C","D","(C)","B","(B)","B","(B)","D","D","C"
"","0310000093","84%","21","BD","C","B","(D)","BC","B","D","BC","C","(AC)","A","A","D","B","A","C","D","B","B","(B)","B","(D)","D","D","C"
"","0310000094","88%","22","BD","C","B","B","BC","B","D","BC","C","(A)","A","A","D","B","A","C","D","B","B","(B)","B","(D)","D","D","C"
"","0310000095","60%","15","BD","C","B","B","BC","(A)","D","BC","C","(E)","A","(D)","D","(A)","(B)","C","D","(A)","B","( )","(A)","(D)","(B)","D","C"
"","0310000096","56%","14","(D)","C","B","B","BC","(A)","D","BC","C","(A)","(D)","A","D","(A)","(B)","C","D","(C)","(C)","(D)","(C)","(C)","D","D","C"
"","0310000097","36%","9","(B)","( E)","B","(D)","(AB)","(A)","D","(B)","C","(C)","(B)","A","D","(C)","(C)","C","(C)","B","(D)","(B)","(A)","(D)","(A)","D","C"
"","0310000098","68%","17","(D)","C","B","B","BC","(D)","D","(C)","C","(B)","A","A","D","B","A","C","D","(A)","B","(B)","(C)","A","D","(B)","C"
"","0310000099","68%","17","(D)","( )","B","B","BC","( )","D","(C)","C","(B)","A","A","D","B","A","C","D","(A)","B","(B)","B","(B)","D","D","C"
"","0310000100","68%","17","(D)","C","B","B","BC","(D)","(B)","(C)","C","(A)","A","A","D","B","A","C","D","(A)","B","(B)","B","(B)","D","D","C"
"","0310000101","64%","16","BD","C","B","(D)","(AD)","(C)","D","(C)","C","AB","A","A","D","(A)","(B)","C","D","(C)","(A)","A","B","(D)","D","D","C"
"","0310000102","88%","22","BD","C","B","(D)","BC","B","D","( E)","C","AB","A","A","D","B","A","C","D","B","B","(B)","B","A","D","D","C"
"","0310000103","24%","6","BD","(D)","(C)","(D)","(B)","(D)","D","(CD)","(D)","(E)","A","(D)","(C)","B","(B)","(B)","D","(D)","B","(B)","(A)","(B)","(C)","(B)","(B)"
"","0310000105","72%","18","BD","C","B","B","BC","B","D","BC","C","AB","A","A","(C)","(D)","( )","( )","D","(C)","B","(B)","(C)","A","D","D","C"
"","0310000106","44%","11","(D)","(A)","B","B","BC","(D)","D","(A)","C","(AC)","A","(D)","D","B","A","C","D","(D)","(A)","(B)","(A)","(C)","(B)","(E)","(E)"
"","0340000041","84%","21","BD","C","B","B","BC","B","D","BC","C","(A)","A","A","D","(A)","(B)","C","D","B","B","(B)","B","A","D","D","C"
"","0410000141","68%","17","(D)","C","B","(A)","(BD)","B","D","BC","C","AB","A","(D)","D","B","A","C","D","(A)","(C)","A","(D)","A","D","D","(D)"
"","0410000142","56%","14","(B)","(A)","B","(C)","(AD)","(D)","D","BC","C","(A)","(C)","A","(B)","B","A","C","D","B","(C)","(D)","B","(C)","D","D","C"
"","0410000143","48%","12","(B)","(A)","(C)","(D)","BC","B","D","BC","C","(A)","A","A","(A)","(A)","(B)","C","D","B","(C)","A","(D)","(B)","(C)","(A)","C"
"","0410000144","68%","17","BD","(D)","B","(D)","BC","B","D","BC","C","(A)","A","A","D","B","A","C","D","B","(C)","(B)","(C)","(C)","(B)","D","C"
"","0410000145","68%","17","BD","(B)","B","(C)","BC","B","D","BC","C","(A)","A","A","(C)","B","A","C","D","B","(C)","(B)","B","A","D","(B)","(B)"
"","0410000146","56%","14","(B)","(A)","(C)","(A)","(CD)","B","D","BC","C","(A)","A","(D)","D","B","A","C","D","B","(C)","(D)","B","(B)","(B)","D","C"
"","0410000147","72%","18","(B)","C","B","(A)","BC","(A)","(C)","BC","C","(A)","A","A","D","B","A","C","D","(C)","(C)","A","B","A","D","D","C"
"","0410000148","68%","17","(D)","(B)","B","(A)","BC","B","D","(C)","C","(A)","A","A","D","B","A","C","D","(A)","(C)","A","B","A","D","D","(A)"
"","0410000180","72%","18","BD","C","B","(A)","BC","B","D","BC","C","AB","A","(D)","D","B","(C)","(A)","D","(A)","B","A","B","(B)","(A)","D","C"
"","0410000181","60%","15","(B)","(A)","(C)","(C)","(BD)","B","D","BC","C","AB","A","A","(C)","B","(C)","(A)","D","B","(C)","A","B","(D)","D","D","C"
"","0410000182","68%","17","(B)","C","(D)","(A)","BC","(D)","D","BC","C","(B)","A","A","D","B","A","C","D","B","(C)","(B)","B","(C)","D","D","C"
"","0410000183","64%","16","(B)","(A)","B","(C)","(C)","B","D","(C)","C","(A)","A","A","D","B","A","C","D","B","(C)","(B)","B","A","(A)","D","C"
"","0410000184","36%","9","(D)","(A)","(D)","(D)","(D)","(C)","(B)","BC","C","(A)","A","A","D","(C)","(B)","(A)","D","B","(C)","A","B","(B)","(A)","(A)","(D)"
"","0410000185","72%","18","(D)","C","B","B","BC","B","(B)","(B)","C","(A)","A","A","D","B","A","C","D","B","(C)","(D)","B","(C)","D","D","C"
"","0460000001","60%","15","BD","C","B","B","BC","B","D","BC","C","(A)","A","(D)","(B)","(A)","(C)","(D)","(C)","(C)","(C)","A","B","(C)","D","D","C"
"","0460000002","56%","14","(B)","(D)","B","(D)","BC","B","D","BC","C","(A)","(D)","(D)","D","(A)","(B)","C","D","(D)","(D)","A","(A)","A","D","D","C"
"","0460000003","76%","19","(B)","(B)","(C)","B","BC","B","D","(E)","C","AB","A","A","D","B","A","C","D","(A)","(C)","A","B","A","D","D","C"
"","0460000004","92%","23","BD","C","B","B","BC","B","D","BC","C","AB","A","A","(C)","B","A","C","D","B","(C)","A","B","A","D","D","C"
"","0460000005","52%","13","BD","C","B","(D)","BC","(D)","D","BC","C","(AC)","A","A","(C)","B","A","C","(B)","B","(D)","(D)","(A)","(B)","(C)","(C)","(B)"
"","0570000047","40%","10","(D)","(A)","(C)","B","(BD)","(C)","(B)","BC","C","(A)","A","A","D","(A)","(C)","(B)","D","B","(C)","A","B","(B)","(B)","(E)","(E)"
"","0570000048","52%","13","(D)","(B)","B","(D)","BC","(D)","D","BC","C","(E)","A","A","(A)","(A)","(C)","(B)","D","B","(A)","(B)","B","(C)","D","D","C"
"","0570000049","48%","12","(D)","(B)","B","(D)","(CD)","B","D","(C)","C","(A)","A","A","(A)","(C)","A","(B)","D","B","(C)","(B)","(D)","(C)","D","D","C"
"","0570000050","72%","18","BD","C","(C)","B","(C)","(A)","D","BC","C","AB","A","A","D","B","A","C","D","(C)","(C)","A","B","(D)","(B)","D","C"
"","0570000051","76%","19","BD","(B)","(C)","B","BC","(D)","D","BC","C","AB","A","A","D","B","A","C","D","B","B","A","B","( )","(B)","(C)","C"
"","0570000052","76%","19","BD","C","B","(D)","BC","B","D","BC","C","AB","A","A","(C)","(A)","(B)","C","D","B","(C)","(B)","B","A","D","D","C"
"","0570000053","56%","14","(D)","(B)","B","(D)","BC","(D)","D","BC","C","AB","A","A","(A)","(A)","(C)","(B)","D","B","(C)","(C)","B","(D)","D","D","C"
"","0570000054","64%","16","BD","(B)","B","(D)","BC","B","D","BC","C","( )","A","A","(C)","(A)","(B)","C","D","B","(C)","(B)","B","(C)","D","D","C"
"","0570000055","56%","14","BD","(A)","(C)","(A)","(BD)","B","D","(B)","C","(A)","A","A","D","(A)","(B)","C","D","B","(C)","(B)","B","(C)","D","D","C"
"","0570000056","24%","6","(D)","(B)","(C)","B","(D)","B","(C)","(A)","(D)","(D)","A","(B)","(B)","(A)","(C)","C","D","(A)","(D)","(B)","(C)","(B)","(A)","D","(B)"
"","0570000057","64%","16","(D)","(B)","(D)","B","BC","B","D","(C)","C","AB","A","A","D","(A)","(B)","C","D","B","(C)","(B)","B","(B)","D","D","C"
"","0630000001","56%","14","(B)","(B)","(A)","(D)","(C)","(A)","D","(D)","C","(BC)","A","A","(A)","B","A","C","D","B","(C)","A","B","A","D","D","(B)"
"","0630000002","52%","13","(B)","(A)","B","(C)","(BD)","B","D","(C)","C","(AD)","(B)","A","(C)","B","A","C","D","(A)","(C)","(B)","B","(B)","D","D","C"
"","0630000003","32%","8","(B)","(B)","B","(D)","(B)","(C)","D","(B)","C","(A)","(C)","A","(C)","(A)","(B)","C","D","(A)","(A)","(B)","B","(C)","D","(C)","(D)"
"","0630000004","40%","10","(C)","(B)","B","(C)","(BD)","(C)","D","BC","(D)","(D)","A","A","(C)","(C)","A","(B)","D","B","(A)","(B)","B","(C)","D","( E)","(A)"
"","0630000005","32%","8","(D)","( )","(C)","B","(CD)","(A)","D","(B)","C","(A)","(C)","( )","(B)","(D)","A","(B)","D","(A)","(C)","(D)","B","A","D","( )","( )"
"","0630000006","24%","6","(D)","(A)","B","(A)","(C)","(C)","(B)","(D)","(A)","(C)","(B)","(C)","(C)","(D)","(C)","(A)","(B)","B","(C)","(D)","B","A","(B)","D","C"
"","0630000007","40%","10","(D)","(B)","B","(D)","BC","(C)","(B)","(B)","C","(A)","(C)","A","(C)","B","A","C","D","B","(C)","(B)","(A)","A","(C)","(E)","( E)"
"","0630000008","28%","7","(D)","(A)","B","B","(A)","(D)","(A)","(C)","C","(A)","(B)","A","(C)","(A)","(B)","(A)","(A)","(C)","(C)","(D)","B","A","(C)","(B)","C"
"","0630000009","60%","15","BD","C","(A)","(A)","(C)","(D)","D","(C)","C","(A)","( A)","A","(A)","B","A","C","D","B","(C)","A","B","A","D","D","(D)"
"","0630000010","68%","17","BD","C","(A)","(A)","(C)","B","D","(C)","C","AB","A","A","(B)","B","A","C","D","B","(C)","A","B","(D)","D","D","(A)"
"","0630000011","44%","11","(D)","(A)","B","(C)","(C)","B","(B)","(B)","C","(B)","A","A","D","(C)","A","(B)","(A)","B","(C)","(B)","B","(C)","(B)","D","C"
"","0630000012","52%","13","BD","(B)","B","(D)","BC","B","D","( E)","C","(E)","(B)","A","(A)","(A)","(B)","C","D","B","(D)","(B)","B","(B)","D","D","(D)"
"","0630000013","84%","21","(B)","C","(C)","(D)","(BD)","B","D","BC","C","AB","A","A","D","B","A","C","D","B","B","A","B","A","D","D","C"
"","0630000014","52%","13","(B)","(B)","B","(A)","BC","B","D","(B)","C","(A)","(B)","A","(C)","(A)","(C)","(B)","D","B","(C)","(B)","B","A","D","D","C"
"","0630000015","32%","8","(D)","(A)","B","(C)","BC","(A)","D","(B)","C","(B)","(D)","A","(C)","(A)","(C)","(B)","D","B","(C)","(B)","B","(C)","(C)","(B)","(A)"
"","0630000016","72%","18","(D)","C","(D)","(D)","BC","B","D","(C)","C","(A)","A","A","(C)","B","A","C","D","B","B","A","B","A","D","(A)","C"
"","0630000017","52%","13","(D)","(A)","B","B","(C)","(D)","D","(B)","C","(A)","(B)","A","(C)","B","A","C","D","(C)","(C)","(D)","B","A","(B)","D","C"
"","0630000018","64%","16","(E)","C","B","(A)","BC","B","D","BC","C","(A)","A","A","(A)","B","A","C","D","B","(C)","A","(A)","(B)","(C)","D","(B)"
"","0630000019","56%","14","(D)","(B)","B","(A)","(B)","B","D","BC","C","(A)","A","A","D","B","(C)","(A)","D","(C)","(C)","(D)","B","A","D","D","(A)"
"","0630000020","60%","15","(B)","(B)","B","(D)","BC","B","D","BC","C","(A)","A","A","D","(C)","(B)","(A)","D","(C)","(C)","A","B","A","D","D","(B)"
"","0630000021","64%","16","BD","(B)","B","(D)","BC","B","D","BC","C","(E)","A","A","D","(A)","(B)","C","D","(A)","(C)","(B)","B","(B)","D","D","C"
"","0630000022","68%","17","(D)","(A)","B","(D)","BC","(A)","D","BC","C","(A)","A","A","D","(A)","(B)","C","D","B","(C)","A","B","A","D","D","C"
"","0630000023","48%","12","(D)","(A)","B","(D)","BC","B","D","(E)","C","(A)","A","(D)","(C)","(C)","(B)","(A)","D","B","(C)","(D)","B","A","(C)","D","C"
"","0630000024","36%","9","(B)","(B)","(D)","(A)","(C)","(A)","D","BC","C","(C)","A","A","D","(A)","(B)","C","(A)","B","(C)","(D)","(A)","(C)","D","( E)","( E)"
"","0630000025","64%","16","BD","(A)","B","(A)","BC","(A)","(C)","( E)","C","(A)","A","A","D","B","A","C","D","B","(C)","(B)","B","(B)","D","D","C"
"","0630000026","40%","10","(B)","(A)","(A)","(D)","(C)","B","(C)","BC","C","(C)","(C)","A","(A)","(AE)","(B)","C","D","B","(C)","A","B","A","(A)","(A)","(A)"
"","0630000027","36%","9","(B)","(D)","B","B","(AC)","(C)","(C)","(B)","C","(A)","(E)","(D)","D","B","(C)","(A)","D","B","(C)","(D)","( )","A","D","(B)","(D)"
"","0630000028","72%","18","(B)","C","(C)","(D)","( )","(-)","D","(B)","C","AB","A","A","D","B","A","C","D","B","( )","A","B","A","D","D","C"
"","0630000029","48%","12","(B)","C","B","(D)","BC","(A)","D","(C)","C","(D)","(B)","A","D","(A)","(C)","(B)","(C)","(C)","B","A","B","(C)","D","D","(B)"
"","0630000030","8%","2","( )","(B)","( )","B","( )","(A)","D","( )","( )","( )","( )","( )","( )","( )","( )","( )","( )","( )","( )","( )","( )","( )","( )","( )","( )"
"","0630000031","72%","18","BD","C","(A)","B","(C)","B","D","BC","C","(A)","A","(D)","(C)","B","A","C","D","B","(C)","A","B","( )","D","D","C"
"","0630000032","84%","21","(D)","C","B","B","BC","B","D","BC","C","AB","A","(D)","D","B","A","C","D","B","B","(B)","B","(B)","D","D","C"
"","0630000033","28%","7","(D)","C","B","B","(C)","(A)","(B)","(C)","C","(A)","(D)","(C)","D","(D)","(B)","(D)","(E)","(A)","(C)","(E)","B","( )","(C)","D","(B)"
"","0630000034","64%","16","(D)","C","B","B","(C)","B","D","(B)","C","(A)","A","A","(C)","B","A","C","D","B","(C)","(B)","B","(C)","(C)","D","C"
"","0630000035","44%","11","(D)","C","(D)","B","(D)","B","(B)","(C)","C","(D)","(D)","A","(C)","B","(C)","(A)","D","B","(A)","(B)","B","(C)","D","(B)","C"
"","0630000036","36%","9","BD","(B)","B","(C)","(D)","(A)","(C)","(B)","C","(D)","(B)","(D)","(C)","(A)","(C)","(B)","D","B","(C)","A","B","A","D","(B)","(B)"
"","0710000029","48%","12","BD","(A)","(C)","(D)","(AB)","(C)","D","(AC)","C","(CD)","A","A","D","B","(C)","(A)","D","B","B","A","(A)","(D)","D","(A)","(B)"
"","0710000030","48%","12","BD","(A)","B","(A)","(CD)","(A)","D","(E)","C","(E)","A","A","D","B","(C)","(A)","D","(C)","(C)","A","B","(D)","(C)","( )","C"
"","0710000031","36%","9","(E)","(D)","(C)","(D)","(BD)","(A)","D","(E)","C","(A)","(B)","(D)","(C)","B","(C)","(A)","D","B","(C)","A","(C)","(B)","D","D","C"
"","0710000032","36%","9","BD","(D)","(C)","(D)","(BD)","(D)","D","(E)","C","(CD)","A","(B)","D","(A)","(B)","C","D","(C)","(C)","(D)","(D)","A","(B)","D","(B)"
"","0710000033","40%","10","BD","(D)","B","(D)","(BD)","(A)","D","(A)","C","(E)","(B)","A","(C)","(A)","(B)","C","(A)","B","(C)","(D)","B","(C)","(E)","D","C"
"","0740000","60%","15","(D)","(B)","B","(A)","(BD)","(A)","D","BC","C","(A)","A","A","D","B","A","C","D","(C)","(C)","(C)","B","A","D","(C)","C"
"","0740000001","60%","15","(B)","C","(C)","(A)","BC","B","D","BC","C","(E)","A","(D)","D","(C)","A","(B)","D","B","(C)","(B)","B","(B)","D","D","C"
"","0740000002","72%","18","(AB)","C","B","(A)","BC","B","D","BC","C","AB","A","A","(C)","(A)","(B)","C","D","B","(C)","(D)","B","A","D","D","C"
"","0740000003","56%","14","(B)","C","B","B","BC","B","D","BC","C","(A)","A","(D)","D","B","(AE)","( C)","(E)","(CE)","(A)","A","B","(D)","(B)","D","(B)"
"","0740000004","80%","20","BD","C","(C)","B","BC","B","D","BC","C","(A)","A","A","D","B","A","C","D","B","(C)","(D)","B","A","D","D","(B)"
"","0740000006","60%","15","BD","(B)","B","(D)","(BD)","B","D","BC","C","(E)","A","A","D","B","(C)","(A)","(B)","B","(C)","(B)","B","A","D","D","(A)"
"","0740000007","56%","14","BD","(B)","(A)","B","(CD)","(C)","D","BC","C","(E)","A","A","(C)","B","A","C","D","(C)","(C)","(D)","B","(B)","D","D","(D)"
"","0750000001","72%","18","BD","C","(A)","(D)","(CD)","B","(B)","BC","C","(AD)","A","A","D","B","A","C","D","B","(C)","(C)","B","A","D","D","C"
"","0750000002","64%","16","BD","(B)","(C)","(A)","BC","(D)","D","(E)","C","AB","A","(B)","D","B","A","C","D","B","B","(B)","B","(B)","(A)","D","C"
"","0750000003","76%","19","BD","(B)","B","(A)","BC","(A)","D","BC","C","(C)","A","A","D","B","A","C","D","B","(D)","A","B","(D)","D","D","C"
"","0750000004","40%","10","(B)","(A)","B","(C)","BC","B","(B)","(B)","C","(C)","A","A","(C)","(E)","(E)","(E)","D","(C)","(D)","A","B","(E)","D","(E)","(E)"
"","0750000005","32%","8","(B)","C","(D)","(D)","(B)","(C)","D","(E)","C","(A)","A","(B)","(C)","(D)","(B)","C","D","B","(E)","(C)","(A)","(E)","(E)","(B)","C"
"","0750000006","40%","10","(D)","(D)","B","(D)","(B)","(A)","D","(E)","C","(E)","A","(D)","D","(C)","A","(B)","(A)","B","(C)","A","B","(D)","D","(B)","(B)"
"","0750000007","48%","12","(B)","C","B","(C)","(AC)","(A)","D","BC","(D)","(A)","A","A","(C)","B","(C)","(A)","D","B","(C)","A","B","(D)","(B)","(A)","C"
"","0750000008","48%","12","(BC)","(B)","(D)","(C)","(BD)","(D)","D","( E)","C","(E)","(C)","A","D","B","A","C","D","(D)","(C)","(D)","B","A","D","(B)","C"
"","0750000009","40%","10","(D)","C","B","(D)","BC","(C)","D","BC","C","(E)","A","(D)","(A)","B","(C)","(A)","D","(D)","(C)","(D)","(C)","(C)","(A)","(B)","C"
"","0750000010","64%","16","(BC)","C","B","(A)","BC","(A)","D","(E)","C","(AC)","A","A","(C)","(A)","(B)","C","D","B","B","A","B","A","D","(A)","C"
"","0750000011","72%","18","BD","(B)","B","(A)","BC","B","D","BC","C","(A)","A","A","D","B","A","C","D","(C)","B","(D)","B","(B)","D","(B)","C"
"","0750000012","56%","14","(CD)","C","(C)","(A)","BC","(A)","D","BC","C","(E)","(B)","A","D","(A)","(B)","C","D","(D)","(C)","A","B","A","D","(B)","C"
"","0750000013","52%","13","BD","(A)","B","(A)","(AC)","B","D","BC","C","(E)","(C)","(B)","(C)","B","(C)","(A)","D","B","B","(B)","B","A","D","(C)","(A)"
"","0750000014","20%","5","(D)","(B)","(C)","(A)","(D)","(D)","(B)","(E)","C","(E)","(C)","(D)","(A)","B","(C)","(A)","D","B","(C)","A","(D)","(B)","(C)","(B)","(D)"
"","0750000015","60%","15","(D)","C","(D)","(A)","BC","B","(C)","(AC)","C","(B)","A","(D)","D","B","A","C","D","B","(C)","(B)","B","A","D","(B)","C"
"","0750000016","52%","13","BD","(A)","(C)","(D)","(A)","(C)","D","(E)","C","(A)","A","A","D","(A)","(B)","C","D","B","(C)","A","B","(B)","D","(C)","C"
"","0750000017","52%","13","(B)","(D)","B","(C)","(C)","(C)","(B)","BC","C","(AD)","A","(D)","D","B","A","C","D","B","(C)","(D)","B","(D)","D","( )","C"
"","0760000000","44%","11","(B)","C","(C)","(A)","(CD)","(A)","D","(CD)","C","(A)","A","A","(C)","(A)","(B)","C","D","B","(A)","A","B","(B)","(B)","D","(A)"
"","0760000001","56%","14","BD","C","B","(A)","BC","(C)","D","(AC)","C","AB","(C)","(B)","(C)","B","A","C","(B)","(D)","(C)","(D)","B","A","(B)","D","C"
"","0760000002","44%","11","BD","C","(A)","B","(BD)","(C)","(B)","(B)","C","AB","A","A","(C)","B","(C)","( )","(A)","(D)","(D)","(B)","B","(C)","(B)","D","C"
"","0760000003","60%","15","(D)","(B)","B","(A)","BC","(A)","D","BC","C","(AC)","A","(D)","D","B","A","C","D","(A)","(C)","A","B","(B)","(B)","D","C"
"","0760000004","60%","15","BD","(B)","B","B","BC","(D)","D","BC","C","(E)","(B)","A","D","B","A","C","D","(C)","(C)","(B)","B","(D)","D","(E)","(E)"
"","0760000005","60%","15","(B)","(D)","B","(D)","(CD)","(A)","D","BC","C","AB","A","(D)","(E)","B","A","C","D","B","B","(D)","B","A","(B)","(E)","C"
"","0760000006","28%","7","(C)","(D)","(C)","(A)","(CD)","(A)","(B)","(E)","C","(E)","(C)","A","D","(C)","A","(D)","D","(C)","B","(B)","(A)","(C)","(B)","(C)","C"
"","0760000007","48%","12","BD","C","B","(A)","BC","(C)","D","(A)","C","AB","A","(B)","(A)","(A)","(B)","C","D","(D)","(C)","(B)","B","(C)","D","( )","(E)"
"","0760000008","36%","9","(D)","(B)","B","(C)","(CD)","(A)","D","( E)","C","(E)","(B)","A","(A)","B","(C)","(A)","D","(D)","(C)","A","B","(C)","D","(B)","(D)"
"","0760000009","56%","14","BD","(B)","(C)","(D)","BC","(A)","D","BC","C","(AC)","A","A","D","(A)","(B)","C","D","B","(C)","(B)","B","(C)","(B)","D","C"
"","0760000010","64%","16","BD","C","B","(A)","BC","(D)","D","(C)","C","AB","A","A","D","(A)","(B)","C","D","(C)","(C)","(B)","B","(D)","D","D","C"
"","0760000011","44%","11","(B)","C","B","(A)","BC","(D)","D","BC","C","(A)","A","(D)","D","(A)","(B)","C","D","(C)","(C)","(D)","(A)","(D)","D","(B)","( )"
"","0760000012","52%","13","(B)","(D)","(C)","(A)","(CD)","B","D","BC","C","(A)","A","(D)","(C)","B","A","C","D","(A)","(C)","(B)","B","A","D","(A)","C"
"","0760000013","64%","16","(D)","(D)","B","B","(A)","(A)","D","(B)","C","(B)","A","A","D","B","A","C","D","(C)","(A)","A","B","A","D","D","(B)"
"","0760000014","52%","13","(AD)","(B)","B","B","BC","(A)","(C)","BC","C","AB","A","A","(C)","(A)","(B)","C","D","B","(C)","(D)","B","( )","D","(B)","(D)"
"","0760000015","44%","11","(B)","(B)","B","(D)","(C)","(A)","D","BC","C","(A)","(B)","(D)","(C)","(A)","(B)","C","D","(C)","(C)","A","B","(B)","D","D","C"
"","0760000016","60%","15","(D)","C","(C)","(A)","BC","(A)","D","BC","C","AB","A","A","D","(A)","(B)","C","D","(D)","(C)","(D)","B","(C)","D","D","C"
"","0760000017","52%","13","(B)","C","(C)","(A)","(CD)","(C)","D","BC","C","AB","A","A","(A)","(A)","(B)","C","D","(C)","(A)","A","B","(D)","D","D","( )"
"","0760000018","48%","12","(D)","C","B","(A)","(CD)","(A)","(C)","(C)","C","(A)","(B)","A","D","(A)","(B)","C","D","(C)","B","A","B","(B)","(C)","D","C"
"","0780000001","84%","21","BD","C","B","(A)","BC","B","D","BC","C","AB","A","A","D","B","A","C","D","B","B","A","B","(C)","(A)","(A)","C"
"","0780000002","64%","16","BD","C","(A)","(D)","BC","B","D","BC","C","AB","A","(D)","D","(A)","(B)","C","D","(D)","(C)","(B)","B","A","D","(B)","C"
"","0780000003","84%","21","BD","C","B","B","BC","B","D","BC","C","(D)","A","A","D","(C)","(B)","(A)","D","B","B","A","B","A","D","D","C"
"","0780000004","76%","19","BD","C","B","B","BC","B","D","BC","C","(CD)","A","A","D","(C)","A","(B)","D","B","B","A","B","(D)","D","(B)","(B)"
"","0780000005","24%","6","BD","C","(C)","(A)","(C)","(A)","D","(C)","(D)","(E)","(D)","(C)","(A)","B","(C)","(A)","(A)","B","(D)","(B)","B","(D)","(C)","(A)","(B)"
"","0780000006","96%","24","BD","C","B","B","BC","B","D","BC","C","(A)","A","A","D","B","A","C","D","B","B","A","B","A","D","D","C"
"","0810000","60%","15","BD","(D)","(A)","(A)","BC","(A)","D","(BD)","C","(CD)","A","A","D","B","A","C","(A)","B","(C)","(B)","B","A","D","(C)","C"
"","0810000001","76%","19","BD","C","B","(A)","BC","(A)","D","BC","C","(A)","A","A","D","B","A","C","(C)","B","(C)","(B)","B","A","D","D","C"
"","0810000002","56%","14","BD","C","B","(D)","BC","B","D","(E)","C","(A)","A","(D)","D","B","(C)","(A)","(C)","B","(C)","(B)","B","(D)","D","(A)","C"
"","0810000003","60%","15","(D)","(A)","B","(A)","BC","B","D","(E)","C","(A)","A","A","(C)","(A)","(B)","C","D","B","(C)","(B)","B","A","D","D","C"
"","0810000004","72%","18","BD","C","(C)","(A)","(C)","B","D","BC","C","(A)","A","A","D","B","A","C","(C)","B","(C)","(B)","B","A","D","D","C"
"","0810000005","68%","17","BD","C","B","(D)","BC","(A)","D","(AC)","C","(A)","A","A","D","B","A","C","(C)","B","B","A","B","(D)","D","(A)","(E)"
"","0810000006","68%","17","BD","C","B","B","BC","B","D","(C)","C","(AC)","A","A","D","(A)","(C)","(B)","(C)","B","(C)","(B)","B","A","D","D","C"
"","0810000010","48%","12","BD","(A)","(C)","(A)","BC","(A)","(B)","BC","C","(A)","A","A","D","B","A","C","(C)","B","(C)","(D)","(C)","A","(B)","(C)","(D)"
"","0810000011","44%","11","(D)","C","B","(D)","(A)","(A)","D","BC","C","(DE)","A","A","(A)","(C)","(C)","C","(C)","B","(C)","(B)","(A)","(B)","(C)","D","C"
"","0810000012","40%","10","BD","C","B","B","(BD)","(A)","(C)","(AC)","C","(A)","(D)","A","(A)","B","(C)","(A)","(C)","B","(D)","(B)","B","(D)","D","(A)","(B)"
"","0810000013","48%","12","(B)","(B)","(C)","B","BC","(A)","D","(E)","C","(A)","A","A","D","(A)","(B)","C","(C)","(C)","(C)","(C)","B","(D)","D","D","C"
"","0810000014","52%","13","BD","(A)","B","(A)","BC","(D)","D","BC","C","(A)","A","A","D","(A)","(C)","(B)","D","B","(C)","(B)","B","(C)","D","(C)","(E)"
"","0810000015","64%","16","(D)","C","(A)","B","BC","B","D","BC","C","(E)","A","A","D","B","(B)","(B)","D","(C)","(C)","(B)","B","A","D","(A)","C"
"","0810000017","48%","12","(D)","C","(C)","B","BC","(A)","D","BC","C","AB","A","A","(A)","B","(C)","(A)","D","(C)","(C)","(B)","(C)","(C)","(B)","(B)","C"
"","0810000018","52%","13","BD","C","B","B","BC","(A)","D","(ABCE)","C","(A)","(D)","(B)","D","B","A","C","D","(A)","B","(C)","(A)","(D)","(C)","(ADE)","(ACE)"
"","0810000019","56%","14","BD","(D)","B","B","(BD)","(A)","D","BC","C","(A)","A","A","(B)","B","(C)","(A)","(B)","B","(C)","(D)","B","(D)","D","D","C"
"","0810000020","80%","20","BD","C","B","(D)","BC","(A)","D","BC","C","AB","A","A","D","(A)","(B)","C","(C)","B","B","A","B","A","D","D","C"
"","0810000021","56%","14","(D)","C","(D)","B","(BD)","(BC)","D","(C)","C","(C)","A","A","D","B","(C)","(A)","D","B","(C)","A","B","(D)","D","(A)","C"
"","0810000022","60%","15","(D)","C","(D)","B","(BD)","B","D","(C)","C","(C)","A","A","D","B","(C)","(A)","D","B","(C)","A","B","(D)","D","(A)","C"
"","0810000023","64%","16","(B)","C","B","(D)","BC","(A)","D","BC","C","(D)","A","A","D","B","(C)","(A)","(C)","(D)","B","(C)","B","A","D","D","C"
"","0830000049","76%","19","(B)","C","B","B","BC","B","(C)","BC","C","AB","A","A","D","(A)","(B)","C","D","B","(C)","A","B","A","D","D","(A)"
"","0830000050","76%","19","BD","C","B","(A)","(B)","B","D","(B)","C","(B)","A","A","( )","B","A","C","D","B","(C)","A","B","A","D","D","C"
"","0830000051","92%","23","BD","(B)","B","B","BC","B","D","BC","C","AB","A","A","D","B","A","C","D","B","(C)","A","B","A","D","D","C"
"","0830000052","88%","22","BD","C","B","(A)","BC","B","D","BC","C","(AD)","A","(D)","D","B","A","C","D","B","B","A","B","A","D","D","C"
"","0830000053","68%","17","(C)","(B)","B","(A)","BC","B","D","(E)","C","AB","A","A","D","B","(C)","(A)","D","B","(C)","A","B","A","D","D","(A)"
"","0830000054","72%","18","(D)","(B)","B","B","BC","B","D","(C)","C","(ABE)","A","A","(C)","B","A","C","D","(A)","(C)","A","B","A","D","D","C"
"","0830000055","72%","18","(B)","(A)","(C)","(A)","BC","B","D","BC","C","(A)","A","A","D","B","A","C","D","B","(C)","A","B","(C)","D","D","C"
"","0830000056","60%","15","(AD)","C","(C)","B","BC","(A)","D","BC","C","AB","A","A","(C)","B","(C)","(A)","D","(D)","(C)","A","B","(C)","D","D","(B)"
"","0830000057","68%","17","BD","(D)","B","(A)","BC","B","(B)","BC","C","(A)","A","(D)","D","B","A","C","D","B","(A)","A","(A)","(B)","D","D","C"
"","0830000058","52%","13","(C)","(A)","B","(C)","(BD)","B","D","(C)","C","(E)","(C)","A","D","B","A","C","D","B","(D)","A","(A)","(C)","D","(BDE)","(CE)"
"","0850000","56%","14","BD","C","B","B","(C)","(A)","(B)","BC","C","(C)","A","A","(C)","B","A","C","D","(C)","(C)","A","B","(C)","(B)","(C)","(B)"
"","0850000002","40%","10","(D)","(D)","B","B","(C)","(D)","D","(B)","C","(A)","A","A","D","(A)","(C)","(B)","D","B","(C)","(B)","B","(C)","(A)","(E)","(E)"
"","0850000006","80%","20","BD","(B)","B","B","BC","B","D","BC","C","(D)","A","A","D","B","A","C","D","B","(C)","(B)","B","(B)","D","D","C"
"","0850000007","80%","20","BD","C","B","(A)","BC","B","D","BC","C","AB","A","(D)","D","B","A","C","D","B","(A)","(B)","B","(D)","D","D","C"
"","0850000008","48%","12","(C)","(B)","B","B","(CD)","(A)","D","BC","C","AB","(B)","(D)","(C)","(C)","A","(B)","D","B","(A)","(D)","B","(B)","D","D","(B)"
"","0860000001","88%","22","BD","C","(C)","B","BC","B","D","BC","C","AB","A","A","D","B","A","C","D","B","B","A","B","(B)","D","D","(D)"
"","0860000002","56%","14","(D)","C","B","(C)","(AC)","B","D","(B)","C","(B)","(B)","(B)","D","B","(B)","(B)","D","(C)","B","A","B","(B)","D","D","C"
"","0860000003","84%","21","BD","(B)","B","B","BC","B","D","BC","C","AB","A","A","D","(A)","A","(A)","D","(A)","B","A","B","A","D","D","C"
"","0860000004","80%","20","BD","C","(D)","B","BC","B","D","BC","C","AB","A","A","D","(D)","(C)","C","(B)","B","B","A","B","(B)","D","D","C"
"","0860000005","28%","7","(BC)","(D)","(C)","(C)","(CD)","B","(A)","BC","C","(AD)","(C)","(B)","(B)","(D)","(B)","C","(A)","(D)","B","A","(A)","(C)","D","(C)","(B)"
"","0860000006","92%","23","BD","C","(C)","B","BC","B","D","BC","C","AB","A","A","D","B","A","C","D","B","B","A","B","(B)","D","D","C"
"","0860000007","60%","15","BD","C","(D)","(C)","(CD)","B","(C)","BC","(B)","AB","(B)","(C)","D","B","A","C","D","(A)","(C)","A","B","(B)","D","D","C"
"","0860000008","48%","12","BD","(B)","(C)","(A)","BC","(A)","D","BC","C","(CD)","A","A","(C)","B","(D)","C","D","B","B","(D)","(C)","(B)","(C)","(B)","(D)"
"","0860000009","60%","15","BD","(B)","(C)","B","(CD)","B","(A)","BC","(D)","AB","A","(C)","(B)","B","A","(D)","(B)","B","B","A","B","(B)","D","D","C"
"","0860000010","68%","17","(BC)","C","B","(C)","(B)","B","D","BC","C","(D)","A","A","D","B","A","C","D","B","(C)","A","B","(C)","(C)","D","(A)"
"","0860000011","68%","17","BD","(D)","(C)","B","BC","B","D","(CD)","(B)","AB","A","(B)","D","B","A","C","D","B","(C)","A","B","(C)","(C)","D","C"
"","0860000012","48%","12","(BC)","C","(C)","(C)","BC","B","D","(B)","(D)","AB","A","A","(C)","B","A","C","(B)","B","B","(C)","(D)","(B)","(B)","(C)","(D)"
"","0860000013","56%","14","BD","C","(D)","B","BC","(C)","D","(CD)","(B)","AB","A","(B)","D","B","(B)","C","D","B","(C)","A","B","(C)","(C)","(C)","(B)"
"","088000014","64%","16","(B)","(A)","(C)","B","BC","B","D","BC","C","(BD)","(B)","A","(C)","B","A","C","D","B","(A)","(B)","B","(D)","D","D","C"
"","0950000","32%","8","(D)","C","(C)","(D)","BC","(A)","D","(B)","C","(A)","A","(C)","(C)","(A)","(B)","C","(A)","(D)","(C)","A","(C)","(B)","(C)","(B)","C"
"","0950000102","76%","19","(AD)","C","B","(D)","BC","B","D","(E)","C","(A)","A","A","D","B","A","C","D","B","(C)","(C)","B","A","D","D","C"
"","0950000103","68%","17","BD","(B)","(C)","(A)","BC","B","D","(E)","C","(D)","A","(D)","D","B","A","C","D","B","(C)","(C)","B","A","D","D","C"
"","0950000104","76%","19","BD","C","(C)","(A)","BC","(A)","(C)","BC","C","AB","A","(D)","D","B","A","C","D","B","(C)","A","B","A","D","D","C"
"","0950000105","64%","16","BD","(B)","B","(D)","BC","(A)","D","BC","C","(E)","A","(D)","(C)","B","A","C","D","(A)","(C)","A","B","( )","D","D","C"
"","0950000106","48%","12","(D)","(A)","(C)","(D)","BC","(A)","D","(E)","C","(A)","A","A","(C)","B","A","C","D","B","(C)","A","(A)","(B)","(C)","(B)","C"
"","0950000108","64%","16","BD","(B)","B","(D)","BC","(A)","D","(E)","C","(E)","A","A","D","(A)","(B)","C","D","(D)","(C)","A","B","A","D","D","C"
"","0950000109","40%","10","BD","(A)","(C)","(C)","BC","(A)","D","( E)","C","(A)","(E)","(C)","(B)","(A)","(B)","C","D","(D)","(C)","(B)","B","(C)","D","D","C"
"","0950000110","68%","17","(D)","(B)","B","(A)","BC","B","D","BC","C","(E)","(B)","A","D","B","A","C","D","B","(C)","(B)","B","(D)","D","D","C"
"","0950000111","60%","15","(B)","(A)","B","(D)","BC","(A)","D","BC","C","(E)","(B)","(D)","(C)","B","A","C","D","B","(C)","A","B","(D)","D","D","C"
"","0950000112","64%","16","BD","(D)","B","(D)","(CD)","(A)","D","BC","C","(CD)","A","A","D","(A)","(C)","(B)","D","B","(C)","A","B","A","D","D","C"
"","0950000113","56%","14","BD","(A)","B","(D)","BC","B","D","BC","C","AB","(B)","(D)","(C)","(A)","(B)","C","D","B","(A)","( )","B","(C)","D","D","(A)"
"","0960000009","56%","14","(-E)","(A)","B","(A)","(CD)","(A)","D","BC","C","(A)","(B)","A","(C)","B","A","C","D","(C)","(C)","A","B","(C)","D","D","C"
"","0960000026","36%","9","BD","(D)","(A)","(D)","(C)","(A)","D","(C)","C","AB","(D)","(B)","(A)","(A)","(C)","(B)","D","B","(D)","(B)","B","A","D","(B)","(B)"
"","0960000035","44%","11","(B)","C","(A)","(D)","(CD)","(D)","D","(C)","(B)","(D)","A","A","(A)","B","A","C","(A)","B","(D)","(D)","B","(D)","D","(C)","C"
"","0960000036","40%","10","(D)","(B)","(D)","B","(CD)","(A)","D","(B)","C","(D)","A","A","(C)","(A)","(B)","C","D","(D)","(D)","(D)","B","(B)","D","(C)","C"
"","0960000050","28%","7","(C)","C","B","(D)","(C)","(A)","(B)","(C)","C","(C)","A","(D)","D","(C)","(B)","(A)","D","(C)","(A)","A","(C)","(B)","(C)","(B)","(B)"
"","0960000058","64%","16","(D)","(B)","B","(D)","BC","B","D","(C)","C","(E)","A","A","D","B","(C)","(A)","D","B","(C)","A","B","(D)","D","D","C"
"","0960000065","72%","18","(D)","(A)","B","(A)","BC","B","D","BC","C","(A)","A","A","D","B","A","C","D","(C)","(C)","A","B","(C)","D","D","C"
"","0960000083","76%","19","BD","C","B","(D)","BC","B","(C)","BC","C","AB","A","A","D","B","(C)","(A)","D","B","(C)","A","B","(B)","D","D","C"
"","0960000092","36%","9","(D)","(A)","(A)","(A)","(-B)","(C)","D","(C)","C","(A)","A","A","D","(A)","(B)","C","(B)","B","(A)","(D)","(C)","(C)","D","D","(B)"
"","0960000093","48%","12","BD","(B)","(C)","(A)","(-E)","(D)","D","BC","C","(A)","A","(D)","D","B","A","C","D","(A)","(A)","(B)","B","(C)","D","(B)","(A)"
"","0960000094","40%","10","(C)","(A)","(D)","(C)","(CD)","(C)","D","(B)","C","(C)","A","A","(C)","(A)","(B)","C","D","B","(C)","(B)","B","(B)","D","(C)","C"
"","0970000001","52%","13","(B)","(B)","(C)","B","(D)","(A)","D","(C)","C","(C)","A","A","(C)","B","(B)","(B)","D","(D)","B","A","B","A","D","D","(D)"
"","0970000002","68%","17","(C)","(B)","B","(A)","BC","B","D","BC","C","(A)","A","A","D","(C)","A","(B)","D","(A)","B","A","B","( )","D","D","C"
"","0970000003","48%","12","(D)","C","B","B","BC","B","D","(E)","C","(AC)","A","A","( )","B","A","C","(E)","(A)","(C)","(B)","(C)","(B)","(B)","(A)","(B)"
"","0970000004","72%","18","(D)","(B)","B","B","BC","B","D","(B)","C","AB","A","A","D","B","A","C","D","(A)","B","A","B","( )","D","( )","(B)"
"","0970000005","24%","6","(B)","(B)","(C)","(D)","(C)","(A)","D","(B)","(A)","(D)","A","(D)","(C)","B","A","C","D","(C)","(A)","(B)","(A)","(D)","(C)","(C)","(A)"
"","0970000006","40%","10","(D)","C","(C)","(C)","(C)","(A)","(B)","(BD)","C","(B)","A","A","(C)","B","A","C","(E)","(A)","(D)","A","B","(D)","(C)","D","(A)"
"","1030000003","72%","18","BD","(A)","B","(A)","(CD)","(D)","D","BC","C","(AD)","(B)","A","D","B","A","C","D","B","B","A","B","(C)","D","D","C"
"","1030000006","76%","19","BD","(B)","B","B","(CD)","(A)","D","BC","C","(AC)","A","A","(C)","B","A","C","D","B","(C)","A","B","A","D","D","C"
"","1030000009","72%","18","BD","(B)","B","B","BC","(D)","D","BC","C","AB","A","A","D","(A)","(B)","C","D","B","(C)","(B)","B","(D)","D","D","C"
"","1030000012","72%","18","BD","C","B","B","(CD)","(A)","D","BC","C","AB","A","A","D","B","A","C","D","(D)","(C)","(B)","B","(D)","(C)","D","C"
"","1030000015","60%","15","BD","(D)","B","(A)","(AB)","(A)","D","BC","C","(AC)","A","A","D","(A)","(B)","C","D","(C)","B","(B)","B","A","(B)","D","C"
"","1030000018","64%","16","BD","C","B","B","BC","(A)","D","BC","C","AB","(B)","A","(C)","(A)","(C)","(B)","D","B","(C)","(B)","B","(C)","D","D","C"
"","1030000021","68%","17","BD","(D)","B","(C)","BC","(A)","D","BC","C","AB","A","(D)","D","(A)","(B)","C","D","B","(C)","A","B","(D)","D","D","C"
"","1030000024","56%","14","BD","(D)","B","(C)","(A)","(D)","D","(C)","C","(A)","A","A","D","B","(C)","(A)","D","B","B","(D)","B","(B)","(C)","D","C"
"","1030000027","48%","12","(C)","(A)","B","(A)","(D)","B","(B)","BC","(A)","(C)","A","A","(C)","B","A","C","(B)","(D)","(A)","(D)","B","A","D","D","(D)"
"","1030000030","76%","19","BD","(D)","(C)","B","BC","B","D","BC","C","AB","A","A","D","B","(C)","(A)","D","B","(C)","A","B","(D)","D","D","C"
"","1090000029","28%","7","(D)","(A)","B","(D)","(C)","(D)","(B)","BC","C","(E)","(C)","A","D","(A)","(C)","(B)","D","(D)","B","(D)","(D)","(E)","(A)","(B)","(A)"
"","1090000030","48%","12","(B)","(D)","(C)","(D)","(B)","(A)","D","(CD)","C","(A)","A","(D)","(C)","B","A","C","D","B","(C)","(B)","B","(D)","D","D","C"
"","1090000031","48%","12","(B)","(B)","B","(D)","(CD)","B","D","BC","C","(D)","A","A","D","(C)","A","(B)","D","(D)","(C)","A","(A)","(B)","(C)","(B)","C"
"","1090000032","40%","10","(B)","(A)","B","(A)","BC","(A)","(B)","(E)","C","(A)","(E)","A","D","(A)","(B)","C","D","(A)","(C)","A","B","(B)","D","(C)","(A)"
"","1090000033","20%","5","(D)","(B)","(C)","B","BC","(D)","(C)","(C)","(B)","(C)","(D)","(C)","(B)","(A)","(B)","(A)","(A)","B","(A)","A","( )","(D)","D","(C)","(B)"
"","1090000034","48%","12","(B)","(B)","B","(A)","BC","B","D","BC","C","(A)","(B)","A","D","(C)","A","(B)","D","B","(C)","A","(D)","(D)","(E)","(C)","(D)"
"","1090000035","76%","19","BD","C","B","B","BC","(A)","D","BC","C","(AC)","A","A","D","B","( A)","C","(E)","B","B","A","(C)","(D)","D","D","C"
"","1090000036","60%","15","BD","(B)","B","(C)","(AB)","(A)","D","BC","C","(A)","A","(D)","(C)","B","A","C","D","B","(C)","(D)","B","(D)","D","D","C"
"","1090000037","56%","14","BD","(D)","(C)","(D)","BC","(A)","D","BC","C","(A)","A","A","(C)","B","A","C","D","B","(C)","(D)","B","(B)","D","(E)","(E)"
"","1090000038","60%","15","(D)","(D)","B","(C)","BC","(D)","D","BC","C","(A)","A","A","(C)","B","A","C","D","(D)","B","A","B","(D)","D","(C)","( )"
"","1090000039","56%","14","(D)","(D)","B","(A)","BC","(A)","D","BC","C","(E)","A","A","D","(A)","(C)","(B)","D","B","(C)","A","B","(D)","D","(C)","C"
"","1090000040","40%","10","(B)","(B)","B","(D)","BC","(A)","D","BC","C","(AC)","A","A","D","(A)","(B)","C","D","(D)","(C)","(B)","(E)","(B)","(A)","(A)","(B)"
"","1330000007","80%","20","(B)","C","B","(A)","BC","B","D","BC","C","(A)","A","A","D","B","A","C","D","B","(C)","A","B","(D)","D","D","C"
"","1340000031","48%","12","(B)","C","B","B","BC","B","D","BC","C","(A)","(C)","(D)","D","B","(C)","(A)","D","(D)","B","(D)","(A)","(D)","(B)","(C)","(D)"
"","1340000033","60%","15","(B)","C","B","(C)","BC","(D)","D","BC","C","(CD)","(B)","(D)","D","(A)","(B)","C","D","(D)","B","A","B","A","(A)","D","C"
"","1340000034","96%","24","BD","C","B","B","BC","B","D","BC","C","(A)","A","A","D","B","A","C","D","B","B","A","B","A","D","D","C"
"","1340000035","76%","19","BD","C","B","(D)","(BD)","B","D","( E)","C","(A)","A","A","D","B","A","C","D","(A)","B","A","B","A","D","(B)","C"
"","1340000036","68%","17","BD","( )","B","(A)","BC","(A)","D","(B)","(B)","(D)","A","A","D","B","A","C","(A)","B","B","(D)","B","A","D","D","C"
"","1340000042","88%","22","BD","C","B","B","BC","B","D","BC","C","AB","A","A","D","(A)","(B)","C","D","B","B","(B)","B","A","D","D","C"
"","1340000043","88%","22","BD","C","B","B","(BD)","(E)","D","BC","C","(AC)","A","A","D","B","A","C","D","B","B","A","B","A","D","D","C"
"","1340000044","76%","19","BD","C","B","B","(BD)","(E)","D","BC","C","(A)","A","(D)","D","(A)","(B)","C","D","B","B","A","B","A","D","D","C"
"","1340000049","88%","22","(B)","C","(C)","B","BC","B","D","BC","C","(A)","A","A","D","B","A","C","D","B","B","A","B","A","D","D","C"
"","1340000051","56%","14","BD","C","B","B","(BD)","(A)","D","BC","C","(AC)","A","A","D","(A)","(C)","(B)","D","(A)","B","A","B","(D)","(C)","(C)","(A)"
"","1340000054","68%","17","BD","(B)","B","(D)","(BD)","B","D","BC","C","(BC)","A","A","D","B","A","C","D","B","(D)","A","B","(C)","(B)","(A)","C"
"","1340000056","96%","24","BD","C","B","B","BC","B","D","BC","C","(A)","A","A","D","B","A","C","D","B","B","A","B","A","D","D","C"
"","1340000058","56%","14","BD","C","(C)","B","BC","(A)","D","BC","C","AB","A","A","(C)","(A)","(C)","(B)","D","B","(A)","(D)","B","(C)","D","(E)","(E)"
"","1350000001","68%","17","BD","C","B","B","BC","(D)","D","(E)","C","(A)","A","A","D","(A)","(B)","C","D","B","(C)","(D)","B","(D)","D","D","C"
"","1350000002","60%","15","BD","C","B","(A)","BC","(D)","D","( E)","C","(A)","A","A","D","(A)","(B)","C","D","B","(C)","(D)","(BE)","(D)","D","D","C"
"","1350000003","60%","15","BD","(B)","B","(A)","BC","(D)","D","BC","C","(C)","A","A","D","(A)","(C)","(B)","D","(A)","B","(D)","(A)","A","D","D","C"
"","1350000004","60%","15","BD","C","(C)","(A)","BC","B","D","( E)","C","(E)","A","A","(A)","(A)","(B)","C","D","(A)","(C)","(D)","B","A","D","D","C"
"","1350000005","60%","15","BD","C","B","(D)","BC","(A)","D","( E)","C","(A)","A","A","D","(A)","(B)","C","D","(A)","(A)","(B)","B","A","(A)","D","C"
"","1350000006","20%","5","(B)","C","( )","(A)","(A)","(D)","D","(B)","C","(D)","(B)","(D)","(B)","(D)","(C)","(A)","(B)","(C)","B","(D)","(A)","(C)","D","(B)","(A)"
